CAS번호,성분명,행수,규제국가수,규제국가목록,대표_SED_mg_kg_day,최저_MoS,대표_MoS_group,대시보드판정,적용기준치_종류,적용기준치_mg_kg_day,PoD_보강상태,기준치_출처,기준치_출처_URL,기준치_신뢰도,규제우선경고,국소독성_주의,PoD_추가조사우선순위,독성종말점목록,제한사항요약
82-92-8,1-(diphenylmethyl)-4-methylpiperazine,18,9,"EU, 대만, 브라질, 아르헨티나, 아세안, 일본, 중국, 캐나다, 한국",0.0364210309361124,0.0631503266350291,Risk,위험,TTC_Cramer III,0.0023,외부 PoD 미확인 → TTC 임시 적용,SCCS TTC/Cramer fallback,https://health.ec.europa.eu/system/files/2023-12/sccs_o_273_final.pdf,예비,규제/금지 또는 의약품성·CMR 가능성 우선 검토,해당 없음 또는 추가 확인,높음: Risk + TTC 임시/보정 기준,LD50,
6055-19-2,Cyclophosphamide monohydrate,8,8,"EU, 대만, 브라질, 아르헨티나, 아세안, 중국, 캐나다, 한국",0.0110345411510818,0.0002265613010791,Risk,위험,TTC_DNA reactive alert,2.5e-06,외부 PoD 미확인 → TTC 임시 적용,SCCS TTC/Cramer fallback,https://health.ec.europa.eu/system/files/2023-12/sccs_o_273_final.pdf,예비,규제/금지 또는 의약품성·CMR 가능성 우선 검토,해당 없음 또는 추가 확인,높음: Risk + TTC 임시/보정 기준,정보 없음,
95-54-5,o-Phenylenediamine,24,8,"EU, 대만, 브라질, 아르헨티나, 아세안, 중국, 캐나다, 한국",0.001868780021107,0.0013377711511058,Risk,위험,TTC_DNA reactive alert,2.5e-06,외부 PoD 미확인 → TTC 임시 적용,SCCS TTC/Cramer fallback,https://health.ec.europa.eu/system/files/2023-12/sccs_o_273_final.pdf,예비,규제/금지 또는 의약품성·CMR 가능성 우선 검토,피부자극/감작성/국소독성 별도 표시 권장,높음: Risk + TTC 임시/보정 기준,정보 없음,
119-34-6,4-Amino-2-Nitrophenol,14,8,"EU, 대만, 브라질, 아르헨티나, 아세안, 중국, 캐나다, 한국",0.0006251790899494,0.0039988541526594,Risk,위험,TTC_DNA reactive alert,2.5e-06,외부 PoD 미확인 → TTC 임시 적용,SCCS TTC/Cramer fallback,https://health.ec.europa.eu/system/files/2023-12/sccs_o_273_final.pdf,예비,규제/금지 또는 의약품성·CMR 가능성 우선 검토,피부자극/감작성/국소독성 별도 표시 권장,높음: Risk + TTC 임시/보정 기준,정보 없음,
58-22-0,testosterone,8,8,"EU, 대만, 브라질, 아르헨티나, 아세안, 중국, 캐나다, 한국",0.0310332433520968,0.0741140709626987,Risk,위험,TTC_Cramer III,0.0023,외부 PoD 미확인 → TTC 임시 적용,SCCS TTC/Cramer fallback,https://health.ec.europa.eu/system/files/2023-12/sccs_o_273_final.pdf,예비,규제/금지 또는 의약품성·CMR 가능성 우선 검토,해당 없음 또는 추가 확인,높음: Risk + TTC 임시/보정 기준,TDLo,
58-22-0,Testosterone,8,8,"EU, 대만, 브라질, 아르헨티나, 아세안, 중국, 캐나다, 한국",0.0192089344600039,0.1197359491641231,Risk,위험,TTC_Cramer III,0.0023,외부 PoD 미확인 → TTC 임시 적용,SCCS TTC/Cramer fallback,https://health.ec.europa.eu/system/files/2023-12/sccs_o_273_final.pdf,예비,규제/금지 또는 의약품성·CMR 가능성 우선 검토,해당 없음 또는 추가 확인,높음: Risk + TTC 임시/보정 기준,TDLo,
120-80-9,catechol,8,8,"EU, 대만, 브라질, 아르헨티나, 아세안, 중국, 캐나다, 한국",0.0152581153943969,0.1507394550735019,Risk,위험,TTC_Cramer III,0.0023,외부 PoD 미확인 → TTC 임시 적용,SCCS TTC/Cramer fallback,https://health.ec.europa.eu/system/files/2023-12/sccs_o_273_final.pdf,예비,규제/금지 또는 의약품성·CMR 가능성 우선 검토,피부자극/감작성/국소독성 별도 표시 권장,높음: Risk + TTC 임시/보정 기준,LD50,
71-91-0,Tetraethylammonium,8,8,"EU, 대만, 브라질, 아르헨티나, 아세안, 중국, 캐나다, 한국",0.0034318603201718,0.6701904464121259,Risk,위험,TTC_Cramer III,0.0023,외부 PoD 미확인 → TTC 임시 적용,SCCS TTC/Cramer fallback,https://health.ec.europa.eu/system/files/2023-12/sccs_o_273_final.pdf,예비,규제/금지 또는 의약품성·CMR 가능성 우선 검토,해당 없음 또는 추가 확인,높음: Risk + TTC 임시/보정 기준,정보 없음,
71-91-0,Tetraethylammonium bromide (+),8,8,"EU, 대만, 브라질, 아르헨티나, 아세안, 중국, 캐나다, 한국",0.0028166640062246,0.8165688186156339,Risk,위험,TTC_Cramer III,0.0023,외부 PoD 미확인 → TTC 임시 적용,SCCS TTC/Cramer fallback,https://health.ec.europa.eu/system/files/2023-12/sccs_o_273_final.pdf,예비,규제/금지 또는 의약품성·CMR 가능성 우선 검토,해당 없음 또는 추가 확인,높음: Risk + TTC 임시/보정 기준,정보 없음,
59-05-2,Methotrexate,8,8,"EU, 대만, 브라질, 아르헨티나, 아세안, 중국, 캐나다, 한국",0.0209708052484418,2.86112046195547,Risk,위험,NOAEL_외부레퍼런스_주의,0.06,외부 PoD 적용(v3),PubMed repeated oral dose toxicity study,https://pubmed.ncbi.nlm.nih.gov/9891907/,낮음,규제/금지 또는 의약품성·CMR 가능성 우선 검토,해당 없음 또는 추가 확인,"중간: Risk이나 외부 PoD 적용됨, SED/사용농도 재검토",TDLo,
122-57-6,Benzylideneacetone,7,7,"EU, 브라질, 아르헨티나, 아세안, 중국, 캐나다, 한국",0.0606080275884403,0.0379487683647813,Risk,위험,TTC_Cramer III,0.0023,외부 PoD 미확인 → TTC 임시 적용,SCCS TTC/Cramer fallback,https://health.ec.europa.eu/system/files/2023-12/sccs_o_273_final.pdf,예비,규제/금지 또는 의약품성·CMR 가능성 우선 검토,해당 없음 또는 추가 확인,높음: Risk + TTC 임시/보정 기준,정보 없음,
141-05-9,Diethyl maleate,10,7,"EU, 브라질, 아르헨티나, 아세안, 중국, 캐나다, 한국",0.0562477512074345,0.0408905236320985,Risk,위험,TTC_Cramer III,0.0023,외부 PoD 미확인 → TTC 임시 적용,SCCS TTC/Cramer fallback,https://health.ec.europa.eu/system/files/2023-12/sccs_o_273_final.pdf,예비,규제/금지 또는 의약품성·CMR 가능성 우선 검토,해당 없음 또는 추가 확인,높음: Risk + TTC 임시/보정 기준,정보 없음,
56030-54-7,Sufentanil base,7,7,"EU, 브라질, 아르헨티나, 아세안, 중국, 캐나다, 한국",0.0421571412109834,0.054557779155119,Risk,위험,TTC_Cramer III,0.0023,외부 PoD 미확인 → TTC 임시 적용,SCCS TTC/Cramer fallback,https://health.ec.europa.eu/system/files/2023-12/sccs_o_273_final.pdf,예비,규제/금지 또는 의약품성·CMR 가능성 우선 검토,해당 없음 또는 추가 확인,높음: Risk + TTC 임시/보정 기준,정보 없음,
57-83-0,Progesterone,7,7,"EU, 브라질, 아르헨티나, 아세안, 중국, 캐나다, 한국",0.0396746064932306,0.057971589469764,Risk,위험,TTC_Cramer III,0.0023,외부 PoD 미확인 → TTC 임시 적용,SCCS TTC/Cramer fallback,https://health.ec.europa.eu/system/files/2023-12/sccs_o_273_final.pdf,예비,규제/금지 또는 의약품성·CMR 가능성 우선 검토,해당 없음 또는 추가 확인,높음: Risk + TTC 임시/보정 기준,TDLo,
2152-44-5,Betamethasone-17-valerate,7,7,"EU, 브라질, 아르헨티나, 아세안, 중국, 캐나다, 한국",0.0396739446124545,0.0579725566103144,Risk,위험,TTC_Cramer III,0.0023,외부 PoD 미확인 → TTC 임시 적용,SCCS TTC/Cramer fallback,https://health.ec.europa.eu/system/files/2023-12/sccs_o_273_final.pdf,예비,규제/금지 또는 의약품성·CMR 가능성 우선 검토,해당 없음 또는 추가 확인,높음: Risk + TTC 임시/보정 기준,정보 없음,
437-38-7,Fentanyl base,7,7,"EU, 브라질, 아르헨티나, 아세안, 중국, 캐나다, 한국",0.038671594458735,0.0594751789315085,Risk,위험,TTC_Cramer III,0.0023,외부 PoD 미확인 → TTC 임시 적용,SCCS TTC/Cramer fallback,https://health.ec.europa.eu/system/files/2023-12/sccs_o_273_final.pdf,예비,규제/금지 또는 의약품성·CMR 가능성 우선 검토,해당 없음 또는 추가 확인,높음: Risk + TTC 임시/보정 기준,정보 없음,
2203-97-6,Hydrocortisone-21-hemisuccinate,7,7,"EU, 브라질, 아르헨티나, 아세안, 중국, 캐나다, 한국",0.0272956990866496,0.0842623591613719,Risk,위험,TTC_Cramer III,0.0023,외부 PoD 미확인 → TTC 임시 적용,SCCS TTC/Cramer fallback,https://health.ec.europa.eu/system/files/2023-12/sccs_o_273_final.pdf,예비,규제/금지 또는 의약품성·CMR 가능성 우선 검토,해당 없음 또는 추가 확인,높음: Risk + TTC 임시/보정 기준,정보 없음,
108-73-6,phloroglucinol,7,7,"EU, 대만, 브라질, 아르헨티나, 아세안, 중국, 한국",0.0156233544388118,0.147215504135674,Risk,위험,TTC_Cramer III,0.0023,외부 PoD 미확인 → TTC 임시 적용,SCCS TTC/Cramer fallback,https://health.ec.europa.eu/system/files/2023-12/sccs_o_273_final.pdf,예비,규제/금지 또는 의약품성·CMR 가능성 우선 검토,해당 없음 또는 추가 확인,높음: Risk + TTC 임시/보정 기준,정보 없음,
87-66-1,pyrogallol,7,7,"EU, 대만, 아세안, 일본, 중국, 캐나다, 한국",0.0082043311254658,0.2803397333465643,Risk,위험,TTC_Cramer III,0.0023,외부 PoD 미확인 → TTC 임시 적용,SCCS TTC/Cramer fallback,https://health.ec.europa.eu/system/files/2023-12/sccs_o_273_final.pdf,예비,규제/금지 또는 의약품성·CMR 가능성 우선 검토,피부자극/감작성/국소독성 별도 표시 권장,높음: Risk + TTC 임시/보정 기준,TDLo,
68-96-2,17-alfa-Hydroxyprogesterone,7,7,"EU, 브라질, 아르헨티나, 아세안, 중국, 캐나다, 한국",0.0032725583688491,0.7028140496723573,Risk,위험,TTC_Cramer III,0.0023,외부 PoD 미확인 → TTC 임시 적용,SCCS TTC/Cramer fallback,https://health.ec.europa.eu/system/files/2023-12/sccs_o_273_final.pdf,예비,규제/금지 또는 의약품성·CMR 가능성 우선 검토,해당 없음 또는 추가 확인,높음: Risk + TTC 임시/보정 기준,정보 없음,
50-24-8,Prednisolone,7,7,"EU, 브라질, 아르헨티나, 아세안, 중국, 캐나다, 한국",0.0029886933450521,0.7695670764642819,Risk,위험,TTC_Cramer III,0.0023,외부 PoD 미확인 → TTC 임시 적용,SCCS TTC/Cramer fallback,https://health.ec.europa.eu/system/files/2023-12/sccs_o_273_final.pdf,예비,규제/금지 또는 의약품성·CMR 가능성 우선 검토,해당 없음 또는 추가 확인,높음: Risk + TTC 임시/보정 기준,정보 없음,
50-22-6,Corticosterone,7,7,"EU, 브라질, 아르헨티나, 아세안, 중국, 캐나다, 한국",0.0025240144013901,0.9112467816084074,Risk,위험,TTC_Cramer III,0.0023,외부 PoD 미확인 → TTC 임시 적용,SCCS TTC/Cramer fallback,https://health.ec.europa.eu/system/files/2023-12/sccs_o_273_final.pdf,예비,규제/금지 또는 의약품성·CMR 가능성 우선 검토,해당 없음 또는 추가 확인,높음: Risk + TTC 임시/보정 기준,정보 없음,
50-23-7,Hydrocortisone,14,7,"EU, 브라질, 아르헨티나, 아세안, 중국, 캐나다, 한국",0.0001815794893714,1.4928700217459294,Risk,위험,TTC_Cramer III,0.0023,외부 PoD 미확인 → TTC 임시 적용,SCCS TTC/Cramer fallback,https://health.ec.europa.eu/system/files/2023-12/sccs_o_273_final.pdf,예비,규제/금지 또는 의약품성·CMR 가능성 우선 검토,해당 없음 또는 추가 확인,낮음,TDLo,
53-06-5,cortisone,7,7,"EU, 브라질, 아르헨티나, 아세안, 중국, 캐나다, 한국",0.0009420485692092,2.441487705809827,Risk,위험,TTC_Cramer III,0.0023,외부 PoD 미확인 → TTC 임시 적용,SCCS TTC/Cramer fallback,https://health.ec.europa.eu/system/files/2023-12/sccs_o_273_final.pdf,예비,규제/금지 또는 의약품성·CMR 가능성 우선 검토,해당 없음 또는 추가 확인,높음: Risk + TTC 임시/보정 기준,정보 없음,
76-25-5,Triamcinolone acetonide,7,7,"EU, 브라질, 아르헨티나, 아세안, 중국, 캐나다, 한국",0.0006539735874722,3.516961608327602,Risk,위험,TTC_Cramer III,0.0023,외부 PoD 미확인 → TTC 임시 적용,SCCS TTC/Cramer fallback,https://health.ec.europa.eu/system/files/2023-12/sccs_o_273_final.pdf,예비,규제/금지 또는 의약품성·CMR 가능성 우선 검토,해당 없음 또는 추가 확인,높음: Risk + TTC 임시/보정 기준,정보 없음,
124-94-7,Triamcinolone,7,7,"EU, 브라질, 아르헨티나, 아세안, 중국, 캐나다, 한국",0.0005385224549552,4.270945396680513,Risk,위험,TTC_Cramer III,0.0023,외부 PoD 미확인 → TTC 임시 적용,SCCS TTC/Cramer fallback,https://health.ec.europa.eu/system/files/2023-12/sccs_o_273_final.pdf,예비,규제/금지 또는 의약품성·CMR 가능성 우선 검토,해당 없음 또는 추가 확인,높음: Risk + TTC 임시/보정 기준,정보 없음,
50-02-2,Dexamethasone,7,7,"EU, 브라질, 아르헨티나, 아세안, 중국, 캐나다, 한국",0.000420551928804,5.46900357000128,Risk,위험,TTC_Cramer III,0.0023,외부 PoD 미확인 → TTC 임시 적용,SCCS TTC/Cramer fallback,https://health.ec.europa.eu/system/files/2023-12/sccs_o_273_final.pdf,예비,규제/금지 또는 의약품성·CMR 가능성 우선 검토,해당 없음 또는 추가 확인,높음: Risk + TTC 임시/보정 기준,TDLo,
53-96-3,2-(Acetylamino)fluorene,1,0,,0.0638948379988359,3.91267914325966e-05,Risk,위험,TTC_DNA reactive alert,2.5e-06,외부 PoD 미확인 → TTC 임시 적용,SCCS TTC/Cramer fallback,https://health.ec.europa.eu/system/files/2023-12/sccs_o_273_final.pdf,예비,규제/금지 또는 의약품성·CMR 가능성 우선 검토,해당 없음 또는 추가 확인,높음: Risk + TTC 임시/보정 기준,LD50,
97-00-7,"2,4-Dinitrochlorobenzene",1,0,,0.0570031857804903,4.3857197905167626e-05,Risk,위험,TTC_DNA reactive alert,2.5e-06,외부 PoD 미확인 → TTC 임시 적용,SCCS TTC/Cramer fallback,https://health.ec.europa.eu/system/files/2023-12/sccs_o_273_final.pdf,예비,규제/금지 또는 의약품성·CMR 가능성 우선 검토,해당 없음 또는 추가 확인,높음: Risk + TTC 임시/보정 기준,TCLo,
2493-02-9,4-Bromophenyl isocyanate,1,0,,0.0474613238023164,5.267446838214793e-05,Risk,위험,TTC_DNA reactive alert,2.5e-06,외부 PoD 미확인 → TTC 임시 적용,SCCS TTC/Cramer fallback,https://health.ec.europa.eu/system/files/2023-12/sccs_o_273_final.pdf,예비,규제정보 확인 필요,피부자극/감작성/국소독성 별도 표시 권장,높음: Risk + TTC 임시/보정 기준,정보 없음,
66-27-3,Methyl methanesulfonate,1,0,,0.0435573955827256,5.739553447937263e-05,Risk,위험,TTC_DNA reactive alert,2.5e-06,외부 PoD 미확인 → TTC 임시 적용,SCCS TTC/Cramer fallback,https://health.ec.europa.eu/system/files/2023-12/sccs_o_273_final.pdf,예비,규제/금지 또는 의약품성·CMR 가능성 우선 검토,해당 없음 또는 추가 확인,높음: Risk + TTC 임시/보정 기준,정보 없음,
76180-96-6,"3-Methyl-3H-imidazo[4,5-f]quinolin-2-amine",1,0,,0.0350829933461277,7.125959792926104e-05,Risk,위험,TTC_DNA reactive alert,2.5e-06,외부 PoD 미확인 → TTC 임시 적용,SCCS TTC/Cramer fallback,https://health.ec.europa.eu/system/files/2023-12/sccs_o_273_final.pdf,예비,규제정보 확인 필요,해당 없음 또는 추가 확인,높음: Risk + TTC 임시/보정 기준,정보 없음,
554-84-7,m-Nitrophenol; 3-nitrophenol,1,0,,0.0240156324031605,0.0001040988618592,Risk,위험,TTC_DNA reactive alert,2.5e-06,외부 PoD 미확인 → TTC 임시 적용,SCCS TTC/Cramer fallback,https://health.ec.europa.eu/system/files/2023-12/sccs_o_273_final.pdf,예비,규제정보 확인 필요,피부자극/감작성/국소독성 별도 표시 권장,높음: Risk + TTC 임시/보정 기준,정보 없음,
937-20-2,"2,4-Dichloroacetophenone",1,0,,0.0675758962896568,0.0340358045735908,Risk,위험,TTC_Cramer III,0.0023,외부 PoD 미확인 → TTC 임시 적용,SCCS TTC/Cramer fallback,https://health.ec.europa.eu/system/files/2023-12/sccs_o_273_final.pdf,예비,규제정보 확인 필요,해당 없음 또는 추가 확인,높음: Risk + TTC 임시/보정 기준,정보 없음,
14199-15-6,Methyl 4-hydroxyphenylacetate,1,0,,0.0673894983142177,0.0341299469136239,Risk,위험,TTC_Cramer III,0.0023,외부 PoD 미확인 → TTC 임시 적용,SCCS TTC/Cramer fallback,https://health.ec.europa.eu/system/files/2023-12/sccs_o_273_final.pdf,예비,규제정보 확인 필요,해당 없음 또는 추가 확인,높음: Risk + TTC 임시/보정 기준,정보 없음,
31005-02-4,7-Ethoxycoumarin,1,0,,0.0672263141022606,0.0342127934680663,Risk,위험,TTC_Cramer III,0.0023,외부 PoD 미확인 → TTC 임시 적용,SCCS TTC/Cramer fallback,https://health.ec.europa.eu/system/files/2023-12/sccs_o_273_final.pdf,예비,규제정보 확인 필요,해당 없음 또는 추가 확인,높음: Risk + TTC 임시/보정 기준,정보 없음,
71-43-2,Benzene,1,0,,0.0664603688947328,0.0346070904849022,Risk,위험,TTC_Cramer III,0.0023,외부 PoD 미확인 → TTC 임시 적용,SCCS TTC/Cramer fallback,https://health.ec.europa.eu/system/files/2023-12/sccs_o_273_final.pdf,예비,규제/금지 또는 의약품성·CMR 가능성 우선 검토,해당 없음 또는 추가 확인,높음: Risk + TTC 임시/보정 기준,TDLo,
3593-96-2,Hydrocortisone-21-hexanoate; Hydrocortisone caproate,1,0,,0.0645141779370747,0.0356510781590266,Risk,위험,TTC_Cramer III,0.0023,외부 PoD 미확인 → TTC 임시 적용,SCCS TTC/Cramer fallback,https://health.ec.europa.eu/system/files/2023-12/sccs_o_273_final.pdf,예비,규제/금지 또는 의약품성·CMR 가능성 우선 검토,해당 없음 또는 추가 확인,높음: Risk + TTC 임시/보정 기준,정보 없음,
1638-22-8,p-n-butylphenol; 4-Butylphenol,1,0,,0.0632753971871737,0.0363490408949376,Risk,위험,TTC_Cramer III,0.0023,외부 PoD 미확인 → TTC 임시 적용,SCCS TTC/Cramer fallback,https://health.ec.europa.eu/system/files/2023-12/sccs_o_273_final.pdf,예비,규제정보 확인 필요,피부자극/감작성/국소독성 별도 표시 권장,높음: Risk + TTC 임시/보정 기준,정보 없음,
88-18-6,o-t-butylphenol,1,0,,0.0621550374576179,0.0370042412341609,Risk,위험,TTC_Cramer III,0.0023,외부 PoD 미확인 → TTC 임시 적용,SCCS TTC/Cramer fallback,https://health.ec.europa.eu/system/files/2023-12/sccs_o_273_final.pdf,예비,규제정보 확인 필요,피부자극/감작성/국소독성 별도 표시 권장,높음: Risk + TTC 임시/보정 기준,정보 없음,
104-85-8,p-Tolunitrile,1,0,,0.0591944394257639,0.0388550009479259,Risk,위험,TTC_Cramer III,0.0023,외부 PoD 미확인 → TTC 임시 적용,SCCS TTC/Cramer fallback,https://health.ec.europa.eu/system/files/2023-12/sccs_o_273_final.pdf,예비,규제정보 확인 필요,해당 없음 또는 추가 확인,높음: Risk + TTC 임시/보정 기준,정보 없음,
841-77-0,1-(diphenylmethyl)-4-ethylpiperazine,1,0,,0.0574243474577754,0.0400526971889616,Risk,위험,TTC_Cramer III,0.0023,외부 PoD 미확인 → TTC 임시 적용,SCCS TTC/Cramer fallback,https://health.ec.europa.eu/system/files/2023-12/sccs_o_273_final.pdf,예비,규제정보 확인 필요,해당 없음 또는 추가 확인,높음: Risk + TTC 임시/보정 기준,정보 없음,
100-39-0,Benzyl bromide,1,0,,0.0567338457457241,0.0405401743838834,Risk,위험,TTC_Cramer III,0.0023,외부 PoD 미확인 → TTC 임시 적용,SCCS TTC/Cramer fallback,https://health.ec.europa.eu/system/files/2023-12/sccs_o_273_final.pdf,예비,규제정보 확인 필요,피부자극/감작성/국소독성 별도 표시 권장,높음: Risk + TTC 임시/보정 기준,정보 없음,
106-41-2,p-Bromophenol,1,0,,0.054730757597019,0.0420239021161525,Risk,위험,TTC_Cramer III,0.0023,외부 PoD 미확인 → TTC 임시 적용,SCCS TTC/Cramer fallback,https://health.ec.europa.eu/system/files/2023-12/sccs_o_273_final.pdf,예비,규제정보 확인 필요,피부자극/감작성/국소독성 별도 표시 권장,높음: Risk + TTC 임시/보정 기준,정보 없음,
123-07-9,p-Ethylphenol,1,0,,0.0545120653141254,0.0421924942074064,Risk,위험,TTC_Cramer III,0.0023,외부 PoD 미확인 → TTC 임시 적용,SCCS TTC/Cramer fallback,https://health.ec.europa.eu/system/files/2023-12/sccs_o_273_final.pdf,예비,규제정보 확인 필요,피부자극/감작성/국소독성 별도 표시 권장,높음: Risk + TTC 임시/보정 기준,정보 없음,
6677-98-1,Hydrocortisone-21-propionate,1,0,,0.0481672474433078,0.0477502892957931,Risk,위험,TTC_Cramer III,0.0023,외부 PoD 미확인 → TTC 임시 적용,SCCS TTC/Cramer fallback,https://health.ec.europa.eu/system/files/2023-12/sccs_o_273_final.pdf,예비,규제/금지 또는 의약품성·CMR 가능성 우선 검토,해당 없음 또는 추가 확인,높음: Risk + TTC 임시/보정 기준,정보 없음,
103-11-7,2-Ethylhexyl acrylate,1,0,,0.0452818184190334,0.0507930131850278,Risk,위험,TTC_Cramer III,0.0023,외부 PoD 미확인 → TTC 임시 적용,SCCS TTC/Cramer fallback,https://health.ec.europa.eu/system/files/2023-12/sccs_o_273_final.pdf,예비,규제정보 확인 필요,피부자극/감작성/국소독성 별도 표시 권장,높음: Risk + TTC 임시/보정 기준,LD50,
18979-50-5,4-propoxyphenol,1,0,,0.04398867278447,0.0522861876572007,Risk,위험,TTC_Cramer III,0.0023,외부 PoD 미확인 → TTC 임시 적용,SCCS TTC/Cramer fallback,https://health.ec.europa.eu/system/files/2023-12/sccs_o_273_final.pdf,예비,규제정보 확인 필요,피부자극/감작성/국소독성 별도 표시 권장,높음: Risk + TTC 임시/보정 기준,정보 없음,
1219-38-1,octylparaben,1,0,,0.0365561018526891,0.0629169928803776,Risk,위험,TTC_Cramer III,0.0023,외부 PoD 미확인 → TTC 임시 적용,SCCS TTC/Cramer fallback,https://health.ec.europa.eu/system/files/2023-12/sccs_o_273_final.pdf,예비,규제정보 확인 필요,해당 없음 또는 추가 확인,높음: Risk + TTC 임시/보정 기준,정보 없음,
60-29-7,DIETHYL ETHER,1,0,,0.0350668679544311,0.0655889771219037,Risk,위험,TTC_Cramer III,0.0023,외부 PoD 미확인 → TTC 임시 적용,SCCS TTC/Cramer fallback,https://health.ec.europa.eu/system/files/2023-12/sccs_o_273_final.pdf,예비,규제정보 확인 필요,해당 없음 또는 추가 확인,높음: Risk + TTC 임시/보정 기준,TCLo,
333-41-5,Diazinon,1,0,,0.0322416226091831,0.071336360079623,Risk,위험,TTC_Cramer III,0.0023,외부 PoD 미확인 → TTC 임시 적용,SCCS TTC/Cramer fallback,https://health.ec.europa.eu/system/files/2023-12/sccs_o_273_final.pdf,예비,규제/금지 또는 의약품성·CMR 가능성 우선 검토,해당 없음 또는 추가 확인,높음: Risk + TTC 임시/보정 기준,TCLo,
53-16-7,Estrone,1,0,,0.0292551246778818,0.0786187044261309,Risk,위험,TTC_Cramer III,0.0023,외부 PoD 미확인 → TTC 임시 적용,SCCS TTC/Cramer fallback,https://health.ec.europa.eu/system/files/2023-12/sccs_o_273_final.pdf,예비,규제/금지 또는 의약품성·CMR 가능성 우선 검토,해당 없음 또는 추가 확인,높음: Risk + TTC 임시/보정 기준,정보 없음,
50-28-2,beta-Estradiol,1,0,,0.024933873000872,0.0922439927370915,Risk,위험,TTC_Cramer III,0.0023,외부 PoD 미확인 → TTC 임시 적용,SCCS TTC/Cramer fallback,https://health.ec.europa.eu/system/files/2023-12/sccs_o_273_final.pdf,예비,규제/금지 또는 의약품성·CMR 가능성 우선 검토,해당 없음 또는 추가 확인,높음: Risk + TTC 임시/보정 기준,TDLo,
17194-82-0,alfa-(4-Hydroxyphenyl) acetamide,1,0,,0.0241027389632086,0.095424839621373,Risk,위험,TTC_Cramer III,0.0023,외부 PoD 미확인 → TTC 임시 적용,SCCS TTC/Cramer fallback,https://health.ec.europa.eu/system/files/2023-12/sccs_o_273_final.pdf,예비,규제정보 확인 필요,해당 없음 또는 추가 확인,높음: Risk + TTC 임시/보정 기준,정보 없음,
50-28-2,Estradiol,1,0,,0.0233468563201781,0.0985143339410611,Risk,위험,TTC_Cramer III,0.0023,외부 PoD 미확인 → TTC 임시 적용,SCCS TTC/Cramer fallback,https://health.ec.europa.eu/system/files/2023-12/sccs_o_273_final.pdf,예비,규제/금지 또는 의약품성·CMR 가능성 우선 검토,해당 없음 또는 추가 확인,높음: Risk + TTC 임시/보정 기준,TDLo,
84625-59-2,1-(diphenylmethyl)-4-propylpiperazine,1,0,,0.0227846128071511,0.1009453186440864,Risk,위험,TTC_Cramer III,0.0023,외부 PoD 미확인 → TTC 임시 적용,SCCS TTC/Cramer fallback,https://health.ec.europa.eu/system/files/2023-12/sccs_o_273_final.pdf,예비,규제정보 확인 필요,해당 없음 또는 추가 확인,높음: Risk + TTC 임시/보정 기준,정보 없음,
,1-(diphenylmethyl)-4-butylpiperazine,1,0,,0.0220031492802693,0.1045304910994018,Risk,위험,TTC_Cramer III,0.0023,외부 PoD 미확인 → TTC 임시 적용,SCCS TTC/Cramer fallback,https://health.ec.europa.eu/system/files/2023-12/sccs_o_273_final.pdf,예비,규제정보 확인 필요,해당 없음 또는 추가 확인,높음: Risk + TTC 임시/보정 기준,LD50,
50-28-2,Beta-Estradiol,1,0,,0.0200415145196829,0.1147617859788567,Risk,위험,TTC_Cramer III,0.0023,외부 PoD 미확인 → TTC 임시 적용,SCCS TTC/Cramer fallback,https://health.ec.europa.eu/system/files/2023-12/sccs_o_273_final.pdf,예비,규제/금지 또는 의약품성·CMR 가능성 우선 검토,해당 없음 또는 추가 확인,높음: Risk + TTC 임시/보정 기준,TDLo,
16590-41-3,Naltrexone,1,0,,0.0133010808371433,0.1729182784587884,Risk,위험,TTC_Cramer III,0.0023,외부 PoD 미확인 → TTC 임시 적용,SCCS TTC/Cramer fallback,https://health.ec.europa.eu/system/files/2023-12/sccs_o_273_final.pdf,예비,규제정보 확인 필요,해당 없음 또는 추가 확인,높음: Risk + TTC 임시/보정 기준,TDLo,
78-93-3,2-Butanone,1,0,,0.0118466400992201,0.1941478749026414,Risk,위험,TTC_Cramer III,0.0023,외부 PoD 미확인 → TTC 임시 적용,SCCS TTC/Cramer fallback,https://health.ec.europa.eu/system/files/2023-12/sccs_o_273_final.pdf,예비,규제정보 확인 필요,해당 없음 또는 추가 확인,높음: Risk + TTC 임시/보정 기준,TCLo,
13655-52-2,Alprenolol,1,0,,0.0095252312678809,0.2414639535058434,Risk,위험,TTC_Cramer III,0.0023,외부 PoD 미확인 → TTC 임시 적용,SCCS TTC/Cramer fallback,https://health.ec.europa.eu/system/files/2023-12/sccs_o_273_final.pdf,예비,규제정보 확인 필요,해당 없음 또는 추가 확인,높음: Risk + TTC 임시/보정 기준,정보 없음,
145-13-1,Hydroxypregnenolone,1,0,,0.0094498679432022,0.2433896445774688,Risk,위험,TTC_Cramer III,0.0023,외부 PoD 미확인 → TTC 임시 적용,SCCS TTC/Cramer fallback,https://health.ec.europa.eu/system/files/2023-12/sccs_o_273_final.pdf,예비,규제정보 확인 필요,해당 없음 또는 추가 확인,높음: Risk + TTC 임시/보정 기준,정보 없음,
145-13-1,Pregnenolone,1,0,,0.0088806786316859,0.2589892164089458,Risk,위험,TTC_Cramer III,0.0023,외부 PoD 미확인 → TTC 임시 적용,SCCS TTC/Cramer fallback,https://health.ec.europa.eu/system/files/2023-12/sccs_o_273_final.pdf,예비,규제정보 확인 필요,해당 없음 또는 추가 확인,높음: Risk + TTC 임시/보정 기준,정보 없음,
68391-30-0,Basic Red 76 (Chloride salt),1,0,,0.0074953901076759,0.306855275970841,Risk,위험,TTC_Cramer III,0.0023,외부 PoD 미확인 → TTC 임시 적용,SCCS TTC/Cramer fallback,https://health.ec.europa.eu/system/files/2023-12/sccs_o_273_final.pdf,예비,규제정보 확인 필요,해당 없음 또는 추가 확인,높음: Risk + TTC 임시/보정 기준,정보 없음,
1002-62-6,Sodium caprate; Decanoic acid soap (C10:0),1,0,,0.0064944088394149,0.3541507867569381,Risk,위험,TTC_Cramer III,0.0023,외부 PoD 미확인 → TTC 임시 적용,SCCS TTC/Cramer fallback,https://health.ec.europa.eu/system/files/2023-12/sccs_o_273_final.pdf,예비,규제정보 확인 필요,해당 없음 또는 추가 확인,높음: Risk + TTC 임시/보정 기준,정보 없음,
499-75-2,Iso-thymol; Carvacrol,1,0,,0.0603418574944174,0.4971673270544495,Risk,위험,TTC_Cramer I_RIFM,0.03,외부 문헌 확인: PoD 없음 → TTC 보정(v4),RIFM carvacrol safety assessment,https://fragrancematerialsafetyresource.elsevier.com/sites/default/files/499-75-2.pdf,예비,규제정보 확인 필요,피부자극/감작성/국소독성 별도 표시 권장,높음: Risk + TTC 임시/보정 기준,정보 없음,
614-18-6,"Nicotinate, ethyl",1,0,,0.0044419269867957,0.5177932926041102,Risk,위험,TTC_Cramer III,0.0023,외부 PoD 미확인 → TTC 임시 적용,SCCS TTC/Cramer fallback,https://health.ec.europa.eu/system/files/2023-12/sccs_o_273_final.pdf,예비,규제정보 확인 필요,해당 없음 또는 추가 확인,높음: Risk + TTC 임시/보정 기준,정보 없음,
93-60-7,"Nicotinate, methyl",1,0,,0.0036586672344657,0.6286442173076953,Risk,위험,TTC_Cramer III,0.0023,외부 PoD 미확인 → TTC 임시 적용,SCCS TTC/Cramer fallback,https://health.ec.europa.eu/system/files/2023-12/sccs_o_273_final.pdf,예비,규제정보 확인 필요,해당 없음 또는 추가 확인,높음: Risk + TTC 임시/보정 기준,정보 없음,
3930-20-9,sotalol,1,0,,0.0035868748557764,0.6412267203289844,Risk,위험,TTC_Cramer III,0.0023,외부 PoD 미확인 → TTC 임시 적용,SCCS TTC/Cramer fallback,https://health.ec.europa.eu/system/files/2023-12/sccs_o_273_final.pdf,예비,규제정보 확인 필요,해당 없음 또는 추가 확인,높음: Risk + TTC 임시/보정 기준,정보 없음,
111-87-5,Octanol,1,0,,0.0645535881079974,0.7125862612476713,Risk,위험,TTC_Cramer I,0.046,외부 PoD 미확인 → TTC 임시 적용,SCCS TTC/Cramer fallback,https://health.ec.europa.eu/system/files/2023-12/sccs_o_273_final.pdf,예비,규제정보 확인 필요,해당 없음 또는 추가 확인,높음: Risk + TTC 임시/보정 기준,정보 없음,
3360-41-6,4-phenylbutanol,1,0,,0.0641466876110458,0.7171063964973771,Risk,위험,TTC_Cramer I,0.046,외부 PoD 미확인 → TTC 임시 적용,SCCS TTC/Cramer fallback,https://health.ec.europa.eu/system/files/2023-12/sccs_o_273_final.pdf,예비,규제정보 확인 필요,해당 없음 또는 추가 확인,높음: Risk + TTC 임시/보정 기준,정보 없음,
64-85-7,Cortexone,1,0,,0.0032028949902288,0.718100345786141,Risk,위험,TTC_Cramer III,0.0023,외부 PoD 미확인 → TTC 임시 적용,SCCS TTC/Cramer fallback,https://health.ec.europa.eu/system/files/2023-12/sccs_o_273_final.pdf,예비,규제정보 확인 필요,해당 없음 또는 추가 확인,높음: Risk + TTC 임시/보정 기준,정보 없음,
112-30-1,Decanol,2,0,,0.0636402225697924,0.7228133111815114,Risk,위험,TTC_Cramer I,0.046,외부 PoD 미확인 → TTC 임시 적용,SCCS TTC/Cramer fallback,https://health.ec.europa.eu/system/files/2023-12/sccs_o_273_final.pdf,예비,규제정보 확인 필요,해당 없음 또는 추가 확인,높음: Risk + TTC 임시/보정 기준,정보 없음,
112-30-1,n-decanol,1,0,,0.0623479036227915,0.7377954562562795,Risk,위험,TTC_Cramer I,0.046,외부 PoD 미확인 → TTC 임시 적용,SCCS TTC/Cramer fallback,https://health.ec.europa.eu/system/files/2023-12/sccs_o_273_final.pdf,예비,규제정보 확인 필요,해당 없음 또는 추가 확인,높음: Risk + TTC 임시/보정 기준,정보 없음,
10521-91-2,5-phenylpentanol,1,0,,0.0619892188423914,0.7420645212025618,Risk,위험,TTC_Cramer I,0.046,외부 PoD 미확인 → TTC 임시 적용,SCCS TTC/Cramer fallback,https://health.ec.europa.eu/system/files/2023-12/sccs_o_273_final.pdf,예비,규제정보 확인 필요,해당 없음 또는 추가 확인,높음: Risk + TTC 임시/보정 기준,정보 없음,
111-87-5,n-octanol,1,0,,0.0608532535110303,0.7559168548262093,Risk,위험,TTC_Cramer I,0.046,외부 PoD 미확인 → TTC 임시 적용,SCCS TTC/Cramer fallback,https://health.ec.europa.eu/system/files/2023-12/sccs_o_273_final.pdf,예비,규제정보 확인 필요,해당 없음 또는 추가 확인,높음: Risk + TTC 임시/보정 기준,정보 없음,
143-08-8,n-nonanol,1,0,,0.0604775562891194,0.76061274334717,Risk,위험,TTC_Cramer I,0.046,외부 PoD 미확인 → TTC 임시 적용,SCCS TTC/Cramer fallback,https://health.ec.europa.eu/system/files/2023-12/sccs_o_273_final.pdf,예비,규제정보 확인 필요,해당 없음 또는 추가 확인,높음: Risk + TTC 임시/보정 기준,정보 없음,
143-08-8,Nonanol,1,0,,0.0596745991202319,0.770847239498326,Risk,위험,TTC_Cramer I,0.046,외부 PoD 미확인 → TTC 임시 적용,SCCS TTC/Cramer fallback,https://health.ec.europa.eu/system/files/2023-12/sccs_o_273_final.pdf,예비,규제정보 확인 필요,해당 없음 또는 추가 확인,높음: Risk + TTC 임시/보정 기준,정보 없음,
111-27-3,Hexanol,1,0,,0.0563650915691739,0.8161079618498734,Risk,위험,TTC_Cramer I,0.046,외부 PoD 미확인 → TTC 임시 적용,SCCS TTC/Cramer fallback,https://health.ec.europa.eu/system/files/2023-12/sccs_o_273_final.pdf,예비,규제정보 확인 필요,해당 없음 또는 추가 확인,높음: Risk + TTC 임시/보정 기준,LD50,
53535-33-4,Heptanol,1,0,,0.0540908838894437,0.8504205642861994,Risk,위험,TTC_Cramer I,0.046,외부 PoD 미확인 → TTC 임시 적용,SCCS TTC/Cramer fallback,https://health.ec.europa.eu/system/files/2023-12/sccs_o_273_final.pdf,예비,규제정보 확인 필요,해당 없음 또는 추가 확인,높음: Risk + TTC 임시/보정 기준,정보 없음,
53535-33-4,n-heptanol,1,0,,0.0539564355015843,0.8525396381799409,Risk,위험,TTC_Cramer I,0.046,외부 PoD 미확인 → TTC 임시 적용,SCCS TTC/Cramer fallback,https://health.ec.europa.eu/system/files/2023-12/sccs_o_273_final.pdf,예비,규제정보 확인 필요,해당 없음 또는 추가 확인,높음: Risk + TTC 임시/보정 기준,정보 없음,
623-05-2,4-Hydroxybenzyl alcohol,1,0,,0.0467819079533497,0.9832861038047142,Risk,위험,TTC_Cramer I,0.046,외부 PoD 미확인 → TTC 임시 적용,SCCS TTC/Cramer fallback,https://health.ec.europa.eu/system/files/2023-12/sccs_o_273_final.pdf,예비,규제정보 확인 필요,해당 없음 또는 추가 확인,높음: Risk + TTC 임시/보정 기준,정보 없음,
112-30-1,decanol,1,0,,0.0443859564798033,1.0363638332527796,Risk,위험,TTC_Cramer I,0.046,외부 PoD 미확인 → TTC 임시 적용,SCCS TTC/Cramer fallback,https://health.ec.europa.eu/system/files/2023-12/sccs_o_273_final.pdf,예비,규제정보 확인 필요,해당 없음 또는 추가 확인,높음: Risk + TTC 임시/보정 기준,정보 없음,
111-27-3,n-hexanol,1,0,,0.042152013198821,1.0912883278677334,Risk,위험,TTC_Cramer I,0.046,외부 PoD 미확인 → TTC 임시 적용,SCCS TTC/Cramer fallback,https://health.ec.europa.eu/system/files/2023-12/sccs_o_273_final.pdf,예비,규제정보 확인 필요,해당 없음 또는 추가 확인,높음: Risk + TTC 임시/보정 기준,LD50,
50-28-2,Beta-estradiol,1,0,,0.0018056595299725,1.27377280258091,Risk,위험,TTC_Cramer III,0.0023,외부 PoD 미확인 → TTC 임시 적용,SCCS TTC/Cramer fallback,https://health.ec.europa.eu/system/files/2023-12/sccs_o_273_final.pdf,예비,규제/금지 또는 의약품성·CMR 가능성 우선 검토,해당 없음 또는 추가 확인,높음: Risk + TTC 임시/보정 기준,TDLo,
26839-75-8,Timolol,1,0,,0.001578400118569,1.4571717101017532,Risk,위험,TTC_Cramer III,0.0023,외부 PoD 미확인 → TTC 임시 적용,SCCS TTC/Cramer fallback,https://health.ec.europa.eu/system/files/2023-12/sccs_o_273_final.pdf,예비,규제정보 확인 필요,해당 없음 또는 추가 확인,높음: Risk + TTC 임시/보정 기준,정보 없음,
71-41-0,n-pentanol,1,0,,0.0263317868266721,1.746938037391579,Risk,위험,TTC_Cramer I,0.046,외부 PoD 미확인 → TTC 임시 적용,SCCS TTC/Cramer fallback,https://health.ec.europa.eu/system/files/2023-12/sccs_o_273_final.pdf,예비,규제정보 확인 필요,해당 없음 또는 추가 확인,높음: Risk + TTC 임시/보정 기준,정보 없음,
51384-51-1,Metoprolol,1,0,,0.0012871008729653,1.7869617279499797,Risk,위험,TTC_Cramer III,0.0023,외부 PoD 미확인 → TTC 임시 적용,SCCS TTC/Cramer fallback,https://health.ec.europa.eu/system/files/2023-12/sccs_o_273_final.pdf,예비,규제정보 확인 필요,해당 없음 또는 추가 확인,높음: Risk + TTC 임시/보정 기준,정보 없음,
71-41-0,Pentanol,1,0,,0.0244387174530176,1.8822591688141184,Risk,위험,TTC_Cramer I,0.046,외부 PoD 미확인 → TTC 임시 적용,SCCS TTC/Cramer fallback,https://health.ec.europa.eu/system/files/2023-12/sccs_o_273_final.pdf,예비,규제정보 확인 필요,해당 없음 또는 추가 확인,높음: Risk + TTC 임시/보정 기준,정보 없음,
13523-86-9,Pindolol,1,0,,0.00120434938073,1.909744827207771,Risk,위험,TTC_Cramer III,0.0023,외부 PoD 미확인 → TTC 임시 적용,SCCS TTC/Cramer fallback,https://health.ec.europa.eu/system/files/2023-12/sccs_o_273_final.pdf,예비,규제정보 확인 필요,해당 없음 또는 추가 확인,높음: Risk + TTC 임시/보정 기준,정보 없음,
63-36-5,salicylate,1,0,,0.0009374083317295,2.453573242470061,Risk,위험,TTC_Cramer III,0.0023,외부 PoD 미확인 → TTC 임시 적용,SCCS TTC/Cramer fallback,https://health.ec.europa.eu/system/files/2023-12/sccs_o_273_final.pdf,예비,규제정보 확인 필요,해당 없음 또는 추가 확인,높음: Risk + TTC 임시/보정 기준,정보 없음,
58-54-8,ethacrynic acid,1,0,,0.0009340257321363,2.4624589247016235,Risk,위험,TTC_Cramer III,0.0023,외부 PoD 미확인 → TTC 임시 적용,SCCS TTC/Cramer fallback,https://health.ec.europa.eu/system/files/2023-12/sccs_o_273_final.pdf,예비,규제정보 확인 필요,해당 없음 또는 추가 확인,높음: Risk + TTC 임시/보정 기준,LD50,
463-40-1,linolenic acid,1,0,,0.0171534121664502,2.681682195567474,Risk,위험,TTC_Cramer I,0.046,외부 PoD 미확인 → TTC 임시 적용,SCCS TTC/Cramer fallback,https://health.ec.europa.eu/system/files/2023-12/sccs_o_273_final.pdf,예비,규제정보 확인 필요,해당 없음 또는 추가 확인,높음: Risk + TTC 임시/보정 기준,정보 없음,
29122-68-7,Atenolol,1,0,,0.0006871510748318,3.34715331786826,Risk,위험,TTC_Cramer III,0.0023,외부 PoD 미확인 → TTC 임시 적용,SCCS TTC/Cramer fallback,https://health.ec.europa.eu/system/files/2023-12/sccs_o_273_final.pdf,예비,규제정보 확인 필요,해당 없음 또는 추가 확인,높음: Risk + TTC 임시/보정 기준,TDLo,
42200-33-9,Nadolol,1,0,,0.0005448260480614,4.221530905476821,Risk,위험,TTC_Cramer III,0.0023,외부 PoD 미확인 → TTC 임시 적용,SCCS TTC/Cramer fallback,https://health.ec.europa.eu/system/files/2023-12/sccs_o_273_final.pdf,예비,규제정보 확인 필요,해당 없음 또는 추가 확인,높음: Risk + TTC 임시/보정 기준,정보 없음,
3930-20-9,Sotalol,1,0,,0.0004462967640198,5.153521570006186,Risk,위험,TTC_Cramer III,0.0023,외부 PoD 미확인 → TTC 임시 적용,SCCS TTC/Cramer fallback,https://health.ec.europa.eu/system/files/2023-12/sccs_o_273_final.pdf,예비,규제정보 확인 필요,해당 없음 또는 추가 확인,높음: Risk + TTC 임시/보정 기준,정보 없음,
64-17-5,Ethanol,1,0,,0.0078712264571915,5.844070203058682,Risk,위험,TTC_Cramer I,0.046,외부 PoD 미확인 → TTC 임시 적용,SCCS TTC/Cramer fallback,https://health.ec.europa.eu/system/files/2023-12/sccs_o_273_final.pdf,예비,규제정보 확인 필요,해당 없음 또는 추가 확인,높음: Risk + TTC 임시/보정 기준,LD50,
112-80-1,oleic acid,1,0,,0.0078562587578307,5.85520429226566,Risk,위험,TTC_Cramer I,0.046,외부 PoD 미확인 → TTC 임시 적용,SCCS TTC/Cramer fallback,https://health.ec.europa.eu/system/files/2023-12/sccs_o_273_final.pdf,예비,규제정보 확인 필요,해당 없음 또는 추가 확인,높음: Risk + TTC 임시/보정 기준,TDLo,
71-23-8,n-propanol,1,0,,0.0074826466028098,6.147557467531152,Risk,위험,TTC_Cramer I,0.046,외부 PoD 미확인 → TTC 임시 적용,SCCS TTC/Cramer fallback,https://health.ec.europa.eu/system/files/2023-12/sccs_o_273_final.pdf,예비,규제정보 확인 필요,해당 없음 또는 추가 확인,높음: Risk + TTC 임시/보정 기준,LD50,
71-23-8,Propanol,1,0,,0.0074684522131307,6.159241391291872,Risk,위험,TTC_Cramer I,0.046,외부 PoD 미확인 → TTC 임시 적용,SCCS TTC/Cramer fallback,https://health.ec.europa.eu/system/files/2023-12/sccs_o_273_final.pdf,예비,규제정보 확인 필요,해당 없음 또는 추가 확인,높음: Risk + TTC 임시/보정 기준,LD50,
7732-18-5,water,1,0,,0.0051191515798593,8.985864021097088,Risk,위험,TTC_Cramer I,0.046,외부 PoD 미확인 → TTC 임시 적용,SCCS TTC/Cramer fallback,https://health.ec.europa.eu/system/files/2023-12/sccs_o_273_final.pdf,예비,규제정보 확인 필요,해당 없음 또는 추가 확인,높음: Risk + TTC 임시/보정 기준,정보 없음,
50-27-1,Estriol,1,0,,0.0002477716894074,9.28273930528928,Risk,위험,TTC_Cramer III,0.0023,외부 PoD 미확인 → TTC 임시 적용,SCCS TTC/Cramer fallback,https://health.ec.europa.eu/system/files/2023-12/sccs_o_273_final.pdf,예비,규제/금지 또는 의약품성·CMR 가능성 우선 검토,해당 없음 또는 추가 확인,높음: Risk + TTC 임시/보정 기준,TDLo,
64-19-7,acetic acid,1,0,,0.0048196555372111,9.544250547543893,Risk,위험,TTC_Cramer I,0.046,외부 PoD 미확인 → TTC 임시 적용,SCCS TTC/Cramer fallback,https://health.ec.europa.eu/system/files/2023-12/sccs_o_273_final.pdf,예비,규제정보 확인 필요,해당 없음 또는 추가 확인,높음: Risk + TTC 임시/보정 기준,TCLo,
64-17-5,ethanol,1,0,,0.004713882416319,9.75841057060577,Risk,위험,TTC_Cramer I,0.046,외부 PoD 미확인 → TTC 임시 적용,SCCS TTC/Cramer fallback,https://health.ec.europa.eu/system/files/2023-12/sccs_o_273_final.pdf,예비,규제정보 확인 필요,해당 없음 또는 추가 확인,높음: Risk + TTC 임시/보정 기준,LD50,
51-21-8,5-Fluorouracil (+ - + -),8,8,"EU, 대만, 브라질, 아르헨티나, 아세안, 중국, 캐나다, 한국",0.0002199100923557,10.458819671994853,Borderline,주의,TTC_Cramer III,0.0023,외부 PoD 미확인 → TTC 임시 적용,SCCS TTC/Cramer fallback,https://health.ec.europa.eu/system/files/2023-12/sccs_o_273_final.pdf,예비,규제/금지 또는 의약품성·CMR 가능성 우선 검토,해당 없음 또는 추가 확인,낮음,TDLo,
51-21-8,5-Fluorouracil,8,8,"EU, 대만, 브라질, 아르헨티나, 아세안, 중국, 캐나다, 한국",0.0001319562662165,17.430017277287924,Borderline,주의,TTC_Cramer III,0.0023,외부 PoD 미확인 → TTC 임시 적용,SCCS TTC/Cramer fallback,https://health.ec.europa.eu/system/files/2023-12/sccs_o_273_final.pdf,예비,규제/금지 또는 의약품성·CMR 가능성 우선 검토,해당 없음 또는 추가 확인,낮음,TDLo,
110-80-5,2-Ethoxy ethanol,8,8,"EU, 대만, 브라질, 아르헨티나, 아세안, 중국, 캐나다, 한국",0.0017575784178879,26.172374177920705,Borderline,주의,TTC_Cramer I,0.046,외부 PoD 미확인 → TTC 임시 적용,SCCS TTC/Cramer fallback,https://health.ec.europa.eu/system/files/2023-12/sccs_o_273_final.pdf,예비,규제/금지 또는 의약품성·CMR 가능성 우선 검토,해당 없음 또는 추가 확인,낮음,LD50,
94-26-8,Butylparaben,8,8,"EU, 대만, 브라질, 아르헨티나, 아세안, 일본, 중국, 한국",0.062227266269171,32.14025169206014,Borderline,주의,NOEL_외부레퍼런스,2.0,외부 PoD 적용(보수적),SCCS Opinion on Propyl- and Butylparaben / Butylparaben,https://ec.europa.eu/health/scientific_committees/consumer_safety/docs/sccs_o_132.pdf,높음,국가별 한도/사용조건 확인,해당 없음 또는 추가 확인,낮음,TDLo,"※ 본 표에 등재되지 않은 방부제 성분이라도 유럽, 미국, 일본 정부가 사용을 허가하고 사용 기준을 공고한 경우, 해당 기준에 따라 사용할 수 있습니다. 국가별 관리 기준이 서로 다른 경우에는 가장 엄격하고 안전한 제한 기준을 적용합니다. ※ 본 표의 구강 제제에는 비의약 치약, 구강청결제 및 치아 미백류 화장품이 포함됩니다. 용도: 방부제. 배합한도: 프로필파라벤·부틸파라벤 및 그 염은 각각 0.14%(산으로 환산)를 초과할 수 없으며, 관련 파라벤류 혼합 사용 시 총량은 0.8%(산으로 환산)를 초과할 수 없습니다. 3세 미만 어린이의 기저귀 부위에 사용하는 씻어내지 않는 제품에는 사용 금지. 주의사항: “3세 미만 어린이의 기저귀 부위에 사용 금지”(씻어내는 제품은 표시 면제 가능), 모든 화장품: 100그램당 최대 배합량 총량 1.0 g, 배합한도: 단일 성분으로 사용할 경우 0.4%(산으로 환산), 혼합 사용할 경우 총량 0.8%(산으로 환산), 사용 준비 상태 제품 내 최대 농도: 부틸파라벤·프로필파라벤 및 그 염은 개별 또는 합계 농도 기준 0.14%(산으로 환산)를 초과할 수 없습니다. 부속서 해당 항목의 다른 파라벤류와 혼합 사용하는 경우 총량은 0.8%(산으로 환산)를 초과할 수 없으며, 이때 부틸파라벤·프로필파라벤 및 그 염의 합계는 0.14%를 초과할 수 없습니다. 기타: 3세 미만 어린이의 기저귀 부위에 적용하도록 설계된 씻어내지 않는 제품에는 사용 금지. 라벨 표시: 3세 미만 어린이용 씻어내지 않는 제품에는 “기저귀 부위에 사용하지 말 것”을 표시합니다, 완제품 내 최대 허용 농도: 단일 에스터 0.4%(산으로 환산), 에스터 혼합물 0.8%(산으로 환산), 완제품 내 최대 허용 농도: 부틸파라벤·프로필파라벤 및 그 염의 개별 또는 합계 농도는 0.14%(산으로 환산)를 초과할 수 없음. 관련 파라벤류와 함께 사용할 경우 총량은 0.8%(산으로 환산)를 초과할 수 없으며, 부틸파라벤·프로필파라벤 및 그 염의 합은 0.14%(산으로 환산)를 초과할 수 없음. 3세 미만 어린이의 기저귀 부위에 사용하는 씻어내지 않는 제품에는 사용 금지. 해당 제품에는 “기저귀 부위에 사용하지 말 것”을 표시해야 함, 화장품 중 최대 사용 농도: 단일 에스터 0.4%(산으로 환산), 에스터 혼합물 0.8%(산으로 환산). 프로필파라벤 및 그 염, n-부틸파라벤 및 그 염의 합은 각각 0.14%(산으로 환산)를 초과할 수 없음"
53-06-5,Cortisone,7,7,"EU, 브라질, 아르헨티나, 아세안, 중국, 캐나다, 한국",0.0001914301240709,12.014827923050127,Borderline,주의,TTC_Cramer III,0.0023,외부 PoD 미확인 → TTC 임시 적용,SCCS TTC/Cramer fallback,https://health.ec.europa.eu/system/files/2023-12/sccs_o_273_final.pdf,예비,규제/금지 또는 의약품성·CMR 가능성 우선 검토,해당 없음 또는 추가 확인,낮음,정보 없음,
88-06-2,"2,4,6-Trichlorophenol",7,7,"EU, 대만, 브라질, 아르헨티나, 아세안, 중국, 한국",0.0588175963868775,51.0051444514539,Borderline,주의,NOAEL_외부레퍼런스,3.0,외부 PoD 적용(v3),EPA PPRTV / WHO Chlorophenols review,https://hhpprtv.ornl.gov/issue_papers/Trichlorophenol246.pdf,높음,규제/금지 또는 의약품성·CMR 가능성 우선 검토,피부자극/감작성/국소독성 별도 표시 권장,낮음,LD50,
106-48-9,p-Chlorophenol,1,1,일본,0.0515627686989828,96.96919165045996,Borderline,주의,NOAEL_외부레퍼런스,5.0,외부 PoD 적용(v3),Japan MOE Initial Risk Assessment / ATSDR Chlorophenols,https://www.env.go.jp/content/900450235.pdf,중간,국가별 한도/사용조건 확인,피부자극/감작성/국소독성 별도 표시 권장,낮음,정보 없음,"100그램당 최대 배합량: 점막에 사용하지 않고 씻어내는 화장품 0.25 g, 점막에 사용하지 않고 씻어내지 않는 화장품 0.25 g, 점막에 사용하는 화장품은 배합 금지"
7732-18-5,Water,1,0,,0.0017854626765192,25.763630125093425,Borderline,주의,TTC_Cramer I,0.046,외부 PoD 미확인 → TTC 임시 적용,SCCS TTC/Cramer fallback,https://health.ec.europa.eu/system/files/2023-12/sccs_o_273_final.pdf,예비,규제정보 확인 필요,해당 없음 또는 추가 확인,낮음,정보 없음,
146-72-5,Methylglucose,1,0,,0.0014161336843939,32.48280900802655,Borderline,주의,TTC_Cramer I,0.046,외부 PoD 미확인 → TTC 임시 적용,SCCS TTC/Cramer fallback,https://health.ec.europa.eu/system/files/2023-12/sccs_o_273_final.pdf,예비,규제정보 확인 필요,해당 없음 또는 추가 확인,낮음,정보 없음,
120-83-2,"2,4-dichlorophenol",1,0,,0.0612953749330172,33.770900369923005,Borderline,주의,BMDL_외부레퍼런스,2.07,외부 PoD 적용(v4),ATSDR Toxicological Profile for Chlorophenols,https://www.atsdr.cdc.gov/toxprofiles/tp107.pdf,높음,규제정보 확인 필요,피부자극/감작성/국소독성 별도 표시 권장,낮음,TDLo,
120-83-2,"2,4-Dichlorophenol",1,0,,0.0607620138130345,34.06733697749743,Borderline,주의,BMDL_외부레퍼런스,2.07,외부 PoD 적용(v4),ATSDR Toxicological Profile for Chlorophenols,https://www.atsdr.cdc.gov/toxprofiles/tp107.pdf,높음,규제정보 확인 필요,피부자극/감작성/국소독성 별도 표시 권장,낮음,TDLo,
52-39-1,Aldosterone,1,0,,6.517400454660078e-05,35.29014391551546,Borderline,주의,TTC_Cramer III,0.0023,외부 PoD 미확인 → TTC 임시 적용,SCCS TTC/Cramer fallback,https://health.ec.europa.eu/system/files/2023-12/sccs_o_273_final.pdf,예비,규제정보 확인 필요,해당 없음 또는 추가 확인,낮음,정보 없음,
69-65-8,Mannitol,1,0,,0.0007568077949197,60.78161497382669,Borderline,주의,TTC_Cramer I,0.046,외부 PoD 미확인 → TTC 임시 적용,SCCS TTC/Cramer fallback,https://health.ec.europa.eu/system/files/2023-12/sccs_o_273_final.pdf,예비,규제정보 확인 필요,해당 없음 또는 추가 확인,낮음,TDLo,
59-50-7,Chlorocresol,9,9,"EU, 대만, 브라질, 아르헨티나, 아세안, 일본, 중국, 캐나다, 한국",0.0599667374385226,200.1109367055745,Safe,안정,NOEL_외부레퍼런스,12.0,외부 PoD 적용,AICIS Human health tier II assessment / CIR / US EPA,https://www.industrialchemicals.gov.au/sites/default/files/Chlorocresol%20and%20its%20sodium%20salt_Human%20health%20tier%20II%20assessment.pdf,중간,국가별 한도/사용조건 확인,피부자극/감작성/국소독성 별도 표시 권장,낮음,정보 없음,"※ 본 표에 등재되지 않은 방부제 성분이라도 유럽, 미국, 일본 정부가 사용을 허가하고 사용 기준을 공고한 경우, 해당 기준에 따라 사용할 수 있습니다. 국가별 관리 기준이 서로 다른 경우에는 가장 엄격하고 안전한 제한 기준을 적용합니다. ※ 본 표의 구강 제제에는 비의약 치약, 구강청결제 및 치아 미백류 화장품이 포함됩니다. 용도: 방부제. 배합한도: 0.2%. 점막에 접촉하는 제품에는 사용하지 않습니다, 모든 화장품: 100그램당 최대 배합량 0.50 g, 배합한도: 0.04%. 점막에 사용되는 제품에는 사용 금지, 사용 제한: 점막에 적용되거나 점막과 접촉하도록 의도된 제품에는 사용 금지. 사용 준비 상태 제품 내 최대 농도 0.2%, 완제품 내 최대 허용 농도: 0.2%. 기타: 점막과 접촉하도록 의도된 제품에는 사용 금지, 제품 유형별 사용 조건: (a) 눈, 코 또는 입 주변 등 점막에 사용하도록 의도된 화장품에는 허용되지 않음, (b) 기타 화장품. 최대 허용 농도: 기타 화장품 0.1%. 경고 문구: “눈, 입 또는 코 주변에는 사용하지 마십시오.”, 화장품 중 최대 사용 농도: 0.2%. 기타 제한: 점막에 접촉하는 제품에는 사용 금지"
59-50-7,chlorocresol,9,9,"EU, 대만, 브라질, 아르헨티나, 아세안, 일본, 중국, 캐나다, 한국",0.0448528569733737,267.54148586618777,Safe,안정,NOEL_외부레퍼런스,12.0,외부 PoD 적용,AICIS Human health tier II assessment / CIR / US EPA,https://www.industrialchemicals.gov.au/sites/default/files/Chlorocresol%20and%20its%20sodium%20salt_Human%20health%20tier%20II%20assessment.pdf,중간,국가별 한도/사용조건 확인,피부자극/감작성/국소독성 별도 표시 권장,낮음,정보 없음,"※ 본 표에 등재되지 않은 방부제 성분이라도 유럽, 미국, 일본 정부가 사용을 허가하고 사용 기준을 공고한 경우, 해당 기준에 따라 사용할 수 있습니다. 국가별 관리 기준이 서로 다른 경우에는 가장 엄격하고 안전한 제한 기준을 적용합니다. ※ 본 표의 구강 제제에는 비의약 치약, 구강청결제 및 치아 미백류 화장품이 포함됩니다. 용도: 방부제. 배합한도: 0.2%. 점막에 접촉하는 제품에는 사용하지 않습니다, 모든 화장품: 100그램당 최대 배합량 0.50 g, 배합한도: 0.04%. 점막에 사용되는 제품에는 사용 금지, 사용 제한: 점막에 적용되거나 점막과 접촉하도록 의도된 제품에는 사용 금지. 사용 준비 상태 제품 내 최대 농도 0.2%, 완제품 내 최대 허용 농도: 0.2%. 기타: 점막과 접촉하도록 의도된 제품에는 사용 금지, 제품 유형별 사용 조건: (a) 눈, 코 또는 입 주변 등 점막에 사용하도록 의도된 화장품에는 허용되지 않음, (b) 기타 화장품. 최대 허용 농도: 기타 화장품 0.1%. 경고 문구: “눈, 입 또는 코 주변에는 사용하지 마십시오.”, 화장품 중 최대 사용 농도: 0.2%. 기타 제한: 점막에 접촉하는 제품에는 사용 금지"
90-15-3,Naphthol,14,8,"EU, 대만, 브라질, 아르헨티나, 아세안, 중국, 캐나다, 한국",0.0542885394709634,368.4018799344775,Safe,안정,NOAEL_외부레퍼런스,20.0,외부 PoD 적용(v3),SCCP Opinion on 1-Naphthol,https://ec.europa.eu/health/archive/ph_risk/committees/sccp/documents/out138_en.pdf,높음,"국가별 한도/사용조건 확인, 규제/금지 또는 의약품성·CMR 가능성 우선 검토",해당 없음 또는 추가 확인,낮음,정보 없음,"※ 염모, 탈색, 탈염 및 관련 모발 제품에 표시해야 하는 주의사항은 보건복지부 공고에 따라 표시해야 합니다. ※ 염모제의 한도 기준은 제품 사용설명서에 따라 혼합한 후의 최대 허용 사용량을 의미합니다. ※ 화장품의 외포장 또는 용기에는 본 표에 등재된 성분의 주의사항을 명확히 표시해야 하며, 표시가 어려운 경우 라벨·설명서 또는 기타 방법으로 표시해야 합니다. ※ 구강 제제에는 비의약 치약, 구강청결제 및 치아 미백류 화장품이 포함됩니다. ※ 효능을 표시·광고하는 경우 관련 허위·과대광고 및 의료 효능 인정 기준을 준수해야 합니다. 용도: 사용. 배합한도: 산화성 염모제 2.0%, 제품 유형 및 사용 부위: 산화형 염모제의 염모 성분. 속눈썹 또는 눈썹 염색 용도로는 허용되지 않습니다.: 산화 조건에서 혼합한 후 모발에 적용되는 최대 농도는 1.0%를 초과해서는 안 됩니다. 라벨 또는 전단지에 적절한 장갑 착용 지침과 혼합 비율을 표시해야 합니다. 염모제는 심각한 알레르기 반응을 일으킬 수 있습니다. 사용 지침을 읽고 따르십시오. 16세 미만에게는 사용하지 마십시오. 일시적인 블랙 헤나 문신은 알레르기 위험을 증가시킬 수 있습니다. 얼굴 발진, 민감·자극·손상된 두피, 과거 염모제 또는 블랙 헤나 문신 반응이 있는 경우 모발을 염색하지 마십시오, 제품 유형 및 사용 부위: 산화형 염모제의 염모 성분. 속눈썹 또는 눈썹 염색 용도로는 허용되지 않습니다.: 산화 조건에서 혼합한 후 모발에 적용되는 최대 농도는 2.0%를 초과해서는 안 됩니다. 라벨 또는 전단지에 적절한 장갑 착용 지침과 혼합 비율을 표시해야 합니다. 염모제는 심각한 알레르기 반응을 일으킬 수 있습니다. 사용 지침을 읽고 따르십시오. 16세 미만에게는 사용하지 마십시오. 일시적인 블랙 헤나 문신은 알레르기 위험을 증가시킬 수 있습니다. 얼굴 발진, 민감·자극·손상된 두피, 과거 염모제 또는 블랙 헤나 문신 반응이 있는 경우 모발을 염색하지 마십시오"
135-19-3,Beta-naphthol; 2-naphthol,7,7,"EU, 브라질, 아르헨티나, 아세안, 중국, 캐나다, 한국",0.0602042681790283,166.10118023963332,Safe,안정,NOEL_외부레퍼런스,10.0,외부 PoD 적용(v3),OECD SIDS 2-Naphthol,https://hpvchemicals.oecd.org/ui/handler.axd?id=ae4e0d32-f651-4637-906c-47605d3671e5,중간,규제/금지 또는 의약품성·CMR 가능성 우선 검토,해당 없음 또는 추가 확인,낮음,정보 없음,
123-31-9,Hydroquinone,12,7,"EU, 브라질, 아르헨티나, 아세안, 중국, 캐나다, 한국",0.0424458805198696,353.39118463989126,Safe,안정,NOAEL_외부레퍼런스,15.0,외부 PoD 적용,SCCS Opinion on Hydroquinone,https://ec.europa.eu/health/scientific_committees/consumer_safety/docs/sccs_o_183.pdf,높음,규제/금지 또는 의약품성·CMR 가능성 우선 검토,해당 없음 또는 추가 확인,낮음,TDLo,"제품 유형 및 사용 부위: 인조 네일 시스템. 사용 준비 상태 제품 내 최대 농도: 혼합 후 0.02%. 기타: 전문가용에 한함. 경고 문구: 전문가용에 한함, 피부 접촉을 피할 것, 사용 방법을 주의 깊게 읽을 것, 제품 유형별 사용 조건: (a) 염모제의 산화형 착색 성분, (b) 네일 제품, (c) 속눈썹 및 눈썹 연장용 시아노아크릴레이트 접착 제품. 최대 허용 농도: (a) 0.3%, (b) 0.1% — 하이드로퀴논과 p - 하이드록시아니솔을 같은 제품에 사용하는 경우 두 성분의 총 농도는 0.1%를 초과할 수 없음, (c) 0.1%. 경고 문구: 피부 접촉을 피할 것, 속눈썹·눈썹 염색에 사용하지 말 것, 눈에 들어간 경우 즉시 씻어낼 것, 사용 전 지침을 주의 깊게 읽을 것"
111-76-2,butoxyethanol,6,6,"EU, 브라질, 아르헨티나, 아세안, 캐나다, 한국",0.0237696975801653,946.5833515179088,Safe,안정,NOAEL_외부레퍼런스,22.5,외부 PoD 적용(v3),OECD SIDS 2-Butoxyethanol / ATSDR Toxicological Profile,https://hpvchemicals.oecd.org/ui/handler.axd?id=0fbae729-1207-4829-b0e8-f1f1b1f7a8d4,중간,규제/금지 또는 의약품성·CMR 가능성 우선 검토,해당 없음 또는 추가 확인,낮음,LC50,"적용 및 사용 범위: (a) 산화형 모발 착색 제품의 용제, (b) 비산화형 모발 착색 제품의 용제. 완제품 내 최대 허용 농도: (a) 4%, (b) 2%. 비산화형 제품은 스프레이형 제품(에어로졸 및 스프레이 포함)에 사용 금지, 적용 및 사용 범위: 산화형 염모제의 용제 및 비산화형 염모제의 용제. 완제품 내 최대 허용 농도: 산화형 염모제 4.0%, 비산화형 염모제 2.0%. 에어로졸 및 스프레이형 제품에는 사용 금지, 제품 유형별 사용 조건: 염모제와 네일 제품에만 허용. 최대 허용 농도: 10%"
119-36-8,methyl salicylate,5,5,"EU, 대만, 일본, 캐나다",0.0530938000772534,941.7295414388908,Safe,안정,NOAEL_외부레퍼런스,50.0,외부 PoD 적용,SCCS Opinion on Methyl salicylate,https://health.ec.europa.eu/system/files/2022-08/sccs_o_255.pdf,높음,국가별 한도/사용조건 확인,해당 없음 또는 추가 확인,낮음,LD50,"100그램당 최대 배합량: 점막에 사용하지 않고 씻어내는 화장품 5.0 g, 점막에 사용하지 않고 씻어내지 않는 화장품 5.0 g, 점막에 사용하는 화장품 0.10 g. 단서: 구 기준 수재 성분 및 구 기준 배합량 참고값이 병기되어 있습니다, ※ 염모, 탈색, 탈염 및 관련 모발 제품에 표시해야 하는 주의사항은 보건복지부 공고에 따라 표시해야 합니다. ※ 염모제의 한도 기준은 제품 사용설명서에 따라 혼합한 후의 최대 허용 사용량을 의미합니다. ※ 화장품의 외포장 또는 용기에는 본 표에 등재된 성분의 주의사항을 명확히 표시해야 하며, 표시가 어려운 경우 라벨·설명서 또는 기타 방법으로 표시해야 합니다. ※ 구강 제제에는 비의약 치약, 구강청결제 및 치아 미백류 화장품이 포함됩니다. ※ 효능을 표시·광고하는 경우 관련 허위·과대광고 및 의료 효능 인정 기준을 준수해야 합니다. 용도: 사용. 배합한도: 1.0%. 주의사항: 즉시 씻어내는 제품은 표시 면제 가능. 살리실산 중독 증상(호흡곤란, 중추신경계 중독 등)을 피하기 위해 메틸살리실레이트의 일일 사용량은 1.8 g을 초과해서는 안 되며, 아스피린 또는 살리실산에 알레르기·민감성이 있는 경우 사용 전 의사 또는 약사와 상담하십시오, 제품 유형별 최대 농도: (a) 씻어내지 않는 피부 제품 및 씻어내지 않는 모발 제품 0.06%, (b) 페이스 메이크업 0.05%, (c) 아이 메이크업 및 메이크업 리무버 0.002%, (d) 스프레이/에어로졸형 씻어내지 않는 모발 제품 0.009%, (e) 데오도란트 스프레이/에어로졸 0.003%, (f) 바디로션 스프레이/에어로졸 0.04%, (g) 씻어내는 피부·모발 제품 0.06%, (h) 손 세정제 0.6%, (i) 하이드로알코올 기반 향료 0.6%, (j) 입술 제품 0.03%, (k) 치약 2.52%, (l) 6~10세 어린이용 구강청결제 0.1%, (m) 10세 초과 어린이 및 성인용 구강청결제 0.6%, (n) 구강 스프레이 0.65%. 기타: 치약을 제외하고 6세 미만 어린이용 제품에는 사용 금지. 농도가 씻어내지 않는 제품에서 0.001%, 씻어내는 제품에서 0.01%를 초과하면 성분 목록에 표시해야 합니다, 최대 허용 농도: 1%"
119-61-9,Benzophenone,3,3,"아세안, EU, 캐나다",0.0628705190058943,318.1141227436812,Safe,안정,NOAEL_외부레퍼런스,20.0,외부 PoD 적용(전문가검토필요),Australian Industrial Chemicals evaluation / repeated-dose study,https://www.industrialchemicals.gov.au/sites/default/files/2025-03/EVA00184%20-%20%20Draft%20evaluation%20statement%20-%2031%20March%202025.pdf,중간,규제/금지 또는 의약품성·CMR 가능성 우선 검토,해당 없음 또는 추가 확인,낮음,LD50,최대 허용 농도: 3%
89-83-8,Thymol; 2-Isopropyl-5-methylphenol,1,1,일본,0.0611774460345909,217.89075654552437,Safe,안정,NOAEL_외부레퍼런스,13.33,외부 PoD 적용(v3),RIFM Fragrance Ingredient Safety Assessment,https://fragrancematerialsafetyresource.elsevier.com/sites/default/files/89-83-8.pdf,높음,국가별 한도/사용조건 확인,피부자극/감작성/국소독성 별도 표시 권장,낮음,LD50,"100그램당 최대 배합량: 점막에 사용하지 않고 씻어내는 화장품 0.050 g, 점막에 사용하지 않고 씻어내지 않는 화장품 0.050 g. 점막에 사용하는 화장품은 구강에 사용하는 제품에 한하여 배합할 수 있습니다"
104-54-1,Cinnamyl alcohol,1,1,EU,0.0577648365462923,391.5877089321027,Safe,안정,NOAEL_외부레퍼런스,22.62,외부 PoD 적용,"RIFM fragrance ingredient safety assessment, cinnamyl alcohol",https://tobacco-information.hpa.gov.tw/common/DownloadDetail.ashx?id=pMH1Bdx0VyX0z9hCdkt%2Ftg%3D%3D&posionId=A1044,중간,국가별 한도/사용조건 확인,해당 없음 또는 추가 확인,낮음,정보 없음,"성분 농도가 씻어내지 않는 제품에서 0.001%, 씻어내는 제품에서 0.01%를 초과하는 경우, 유럽연합 화장품 규정 제19조(1)(g)에 따른 성분 목록에 해당 성분을 표시해야 함"
95-57-8,o-Chlorophenol,1,0,,0.05400354791855,140.7314943726027,Safe,안정,NOAEL_외부레퍼런스,7.6,외부 PoD 적용(v4),ATSDR Toxicological Profile for Chlorophenols,https://www.atsdr.cdc.gov/toxprofiles/tp107.pdf,높음,규제정보 확인 필요,피부자극/감작성/국소독성 별도 표시 권장,낮음,LD50,
513-85-9,"2,3-Butanediol",1,0,,0.000272894990907,168.56300603801247,Safe,안정,TTC_Cramer I,0.046,외부 PoD 미확인 → TTC 임시 적용,SCCS TTC/Cramer fallback,https://health.ec.europa.eu/system/files/2023-12/sccs_o_273_final.pdf,예비,규제정보 확인 필요,해당 없음 또는 추가 확인,낮음,정보 없음,
57-50-1,sucrose,1,0,,0.0002470313124392,186.211211630597,Safe,안정,TTC_Cramer I,0.046,외부 PoD 미확인 → TTC 임시 적용,SCCS TTC/Cramer fallback,https://health.ec.europa.eu/system/files/2023-12/sccs_o_273_final.pdf,예비,규제정보 확인 필요,해당 없음 또는 추가 확인,낮음,TDLo,
57-50-1,Sucrose,1,0,,0.0001101168615462,417.7380226251772,Safe,안정,TTC_Cramer I,0.046,외부 PoD 미확인 → TTC 임시 적용,SCCS TTC/Cramer fallback,https://health.ec.europa.eu/system/files/2023-12/sccs_o_273_final.pdf,예비,규제정보 확인 필요,해당 없음 또는 추가 확인,낮음,TDLo,
106-44-5,p-Cresol,1,0,,0.0682655817983832,439.4601087353586,Safe,안정,NOAEL_외부레퍼런스,30.0,외부 PoD 적용,OECD SIDS Cresols,https://hpvchemicals.oecd.org/ui/handler.axd?id=e3cf1d97-51fe-416b-b577-37e200a0fcab,중간,규제정보 확인 필요,피부자극/감작성/국소독성 별도 표시 권장,낮음,정보 없음,
512-69-6,Raffinose,1,0,,8.728140364957189e-05,527.0309375945242,Safe,안정,TTC_Cramer I,0.046,외부 PoD 미확인 → TTC 임시 적용,SCCS TTC/Cramer fallback,https://health.ec.europa.eu/system/files/2023-12/sccs_o_273_final.pdf,예비,규제정보 확인 필요,해당 없음 또는 추가 확인,낮음,정보 없음,
95-65-8,"3,4-Xylenol",1,0,,0.0553453738018955,596.2557976050709,Safe,안정,NOAEL_외부레퍼런스,33.0,외부 PoD 적용,"RIFM/ECHA fragrance ingredient safety assessment, 3,4-xylenol",https://research-portal.uu.nl/ws/portalfiles/portal/250721704/1-s2.0-S0278691524007713-main.pdf,중간,규제정보 확인 필요,해당 없음 또는 추가 확인,낮음,정보 없음,
97-54-1,Isoeugenol,1,0,,0.0601109945229825,623.8459419543036,Safe,안정,NOAEL_외부레퍼런스,37.5,외부 PoD 적용,"RIFM fragrance ingredient safety assessment, Isoeugenol",https://pubmed.ncbi.nlm.nih.gov/26723296/,중간,규제정보 확인 필요,피부자극/감작성/국소독성 별도 표시 권장,낮음,TDLo,
131-11-3,Dimethyl phthalate,1,0,,0.0555887824284386,719.5696371204642,Safe,안정,NOAEL_외부레퍼런스,40.0,외부 PoD 적용,AICIS PEC37 Dimethyl phthalate,https://www.industrialchemicals.gov.au/sites/default/files/PEC37-Dimethyl-phthalate-DMP.pdf,중간,규제정보 확인 필요,해당 없음 또는 추가 확인,낮음,정보 없음,
108-46-3,Resorcinol,9,9,"EU, 대만, 브라질, 아르헨티나, 아세안, 일본, 중국, 캐나다, 한국",0.0311799630047009,2565.7503181751263,Very Safe,매우 안정,NOAEL_외부레퍼런스,80.0,외부 PoD 적용,SCCS Opinion on Resorcinol,https://health.ec.europa.eu/system/files/2022-08/sccs_o_241.pdf,높음,국가별 한도/사용조건 확인,해당 없음 또는 추가 확인,낮음,TDLo,"※ 염모, 탈색, 탈염 및 관련 모발 제품에 표시해야 하는 주의사항은 보건복지부 공고에 따라 표시해야 합니다. ※ 염모제의 한도 기준은 제품 사용설명서에 따라 혼합한 후의 최대 허용 사용량을 의미합니다. ※ 화장품의 외포장 또는 용기에는 본 표에 등재된 성분의 주의사항을 명확히 표시해야 하며, 표시가 어려운 경우 라벨·설명서 또는 기타 방법으로 표시해야 합니다. ※ 구강 제제에는 비의약 치약, 구강청결제 및 치아 미백류 화장품이 포함됩니다. ※ 효능을 표시·광고하는 경우 관련 허위·과대광고 및 의료 효능 인정 기준을 준수해야 합니다. 용도: 사용. 배합한도: (a) 산화성 염모제 1.25%, (b) 헤어로션 및 샴푸 제품 0.5%. 주의사항: “레조시놀 함유”, 제품 유형 및 사용 부위: (a) 산화형 염모제의 염모 성분, (b) 속눈썹 착색용 제품(해당 시 전문가용), (c) 헤어로션 및 샴푸.: 헤어로션 및 샴푸는 최대 0.5%. 산화 조건에서 혼합한 후 모발 또는 속눈썹에 적용되는 최대 농도는 1.25%를 초과해서는 안 됩니다. 라벨 표시: 레조시놀 함유, 사용 후 모발을 충분히 헹굴 것, 눈에 들어간 경우 즉시 씻어낼 것, 속눈썹·눈썹 염색 금지 또는 전문가용 표시. 염모제는 심각한 알레르기 반응을 일으킬 수 있습니다. 사용 지침을 읽고 따르십시오. 16세 미만에게는 사용하지 마십시오. 일시적인 블랙 헤나 문신은 알레르기 위험을 증가시킬 수 있습니다. 얼굴 발진, 민감·자극·손상된 두피, 과거 염모제 또는 블랙 헤나 문신 반응이 있는 경우 모발을 염색하지 마십시오"
108-46-3,resorcinol,9,9,"EU, 대만, 브라질, 아르헨티나, 아세안, 일본, 중국, 캐나다, 한국",0.0117509503106542,6807.96002749383,Very Safe,매우 안정,NOAEL_외부레퍼런스,80.0,외부 PoD 적용,SCCS Opinion on Resorcinol,https://health.ec.europa.eu/system/files/2022-08/sccs_o_241.pdf,높음,국가별 한도/사용조건 확인,해당 없음 또는 추가 확인,낮음,TDLo,"제품 유형 및 사용 부위: (a) 산화형 염모제의 염모 성분, (b) 속눈썹 착색용 제품(해당 시 전문가용), (c) 헤어로션 및 샴푸.: 헤어로션 및 샴푸는 최대 0.5%. 산화 조건에서 혼합한 후 모발 또는 속눈썹에 적용되는 최대 농도는 1.25%를 초과해서는 안 됩니다. 라벨 표시: 레조시놀 함유, 사용 후 모발을 충분히 헹굴 것, 눈에 들어간 경우 즉시 씻어낼 것, 속눈썹·눈썹 염색 금지 또는 전문가용 표시. 염모제는 심각한 알레르기 반응을 일으킬 수 있습니다. 사용 지침을 읽고 따르십시오. 16세 미만에게는 사용하지 마십시오. 일시적인 블랙 헤나 문신은 알레르기 위험을 증가시킬 수 있습니다. 얼굴 발진, 민감·자극·손상된 두피, 과거 염모제 또는 블랙 헤나 문신 반응이 있는 경우 모발을 염색하지 마십시오"
69-72-7,Salicylic acid,10,9,"EU, 대만, 브라질, 아르헨티나, 아세안, 일본, 중국, 캐나다, 한국",0.0061026129140968,12289.817665930095,Very Safe,매우 안정,NOAEL_외부레퍼런스,75.0,외부 PoD 적용,"SCCS Opinion on Salicylic Acid, SCCS/1646/22 / SCCS/1601/18 lineage",https://health.ec.europa.eu/system/files/2023-06/sccs_o_268.pdf,높음,국가별 한도/사용조건 확인,해당 없음 또는 추가 확인,낮음,LDLo,"※ 염모, 탈색, 탈염 및 관련 모발 제품에 표시해야 하는 주의사항은 보건복지부 공고에 따라 표시해야 합니다. ※ 염모제의 한도 기준은 제품 사용설명서에 따라 혼합한 후의 최대 허용 사용량을 의미합니다. ※ 화장품의 외포장 또는 용기에는 본 표에 등재된 성분의 주의사항을 명확히 표시해야 하며, 표시가 어려운 경우 라벨·설명서 또는 기타 방법으로 표시해야 합니다. ※ 구강 제제에는 비의약 치약, 구강청결제 및 치아 미백류 화장품이 포함됩니다. ※ 효능을 표시·광고하는 경우 관련 허위·과대광고 및 의료 효능 인정 기준을 준수해야 합니다. 용도: 사용. 배합한도: 2%. 샴푸를 제외하고 3세 이하 어린이용 제품에는 사용하지 않습니다. 주의사항: “3세 이하 어린이에게 사용 금지”(샴푸는 해당 주의사항 표시 면제 가능). 방부제로 사용하는 경우 방부제 사용제한 규정을 따릅니다, 모든 화장품: 100그램당 최대 배합량 0.20 g, 모든 화장품: 100그램당 최대 배합량 총량 1.0 g, 방부제 배합한도: 살리실산으로서 0.5%. 기타 배합한도: 인체세정용 제품류 2%, 사용 후 씻어내는 두발용 제품류 3%. 영유아용 제품류 또는 만 13세 이하 어린이 사용 표시 제품에는 사용 금지(샴푸 제외). 기능성화장품의 유효성분으로 사용하는 경우에 한하며 기타 제품에는 사용 금지, 사용제한성분: 씻어내지 않는 제품 및 씻어내는 피부 보호 제품은 2.0%, 씻어내는 두발용 제품은 3.0%까지 허용. 샴푸를 제외하고 3세 이하 어린이용 제품에는 사용 금지. 라벨에 “살리실산 함유, 3세 이하 어린이 사용 금지”를 표시해야 함. 방부제로 사용하는 경우 총량 0.5%(산으로 환산)까지 허용, 살리실산 사용: 씻어내는 모발 제품은 최대 3%, 기타 제품은 최대 2%. 3세 미만 어린이용 제품에는 사용하지 말 것(샴푸는 제외). 라벨 표시: 성인용 제품에는 “어린이에게 사용하지 말 것”, 어린이 대상 제품에는 “3세 미만 어린이에게 사용하지 말 것”을 표시합니다. 방부제로 사용하는 경우 살리실산 및 그 염은 최대 0.5%(산으로 환산)이며, 3세 미만 어린이용 제품에는 사용 금지(샴푸는 제외), 살리실산 사용: 씻어내는 모발 제품은 최대 3.0%, 기타 제품은 최대 2.0%, 바디로션·아이섀도·마스카라·아이라이너·립스틱·롤온 데오도란트 등 특정 제품은 최대 0.5%입니다. 3세 미만 어린이용 제품에는 사용 금지(살리실산 염류는 샴푸 예외 가능), 구강 제품에는 사용 금지, 흡입으로 폐 노출을 유발할 수 있는 용도에는 사용 금지. 방부제로 사용하는 경우 살리실산 및 그 염의 최대 농도는 0.5%(산으로 환산). 라벨에는 “3세 미만 어린이에게 사용 금지” 등 해당 경고 문구를 표시해야 합니다, 최대 허용 농도: 2%"
108-46-3,"Resorcinol; 1,3-Benzenediol",9,9,"EU, 대만, 브라질, 아르헨티나, 아세안, 일본, 중국, 캐나다, 한국",0.0025826769444726,30975.61240526602,Very Safe,매우 안정,NOAEL_외부레퍼런스,80.0,외부 PoD 적용,SCCS Opinion on Resorcinol,https://health.ec.europa.eu/system/files/2022-08/sccs_o_241.pdf,높음,규제/금지 또는 의약품성·CMR 가능성 우선 검토,해당 없음 또는 추가 확인,낮음,TDLo,"※ 염모, 탈색, 탈염 및 관련 모발 제품에 표시해야 하는 주의사항은 보건복지부 공고에 따라 표시해야 합니다. ※ 염모제의 한도 기준은 제품 사용설명서에 따라 혼합한 후의 최대 허용 사용량을 의미합니다. ※ 화장품의 외포장 또는 용기에는 본 표에 등재된 성분의 주의사항을 명확히 표시해야 하며, 표시가 어려운 경우 라벨·설명서 또는 기타 방법으로 표시해야 합니다. ※ 구강 제제에는 비의약 치약, 구강청결제 및 치아 미백류 화장품이 포함됩니다. ※ 효능을 표시·광고하는 경우 관련 허위·과대광고 및 의료 효능 인정 기준을 준수해야 합니다. 용도: 사용. 배합한도: (a) 산화성 염모제 1.25%, (b) 헤어로션 및 샴푸 제품 0.5%. 주의사항: “레조시놀 함유”, 제품 유형 및 사용 부위: (a) 산화형 염모제의 염모 성분, (b) 속눈썹 착색용 제품(해당 시 전문가용), (c) 헤어로션 및 샴푸.: 헤어로션 및 샴푸는 최대 0.5%. 산화 조건에서 혼합한 후 모발 또는 속눈썹에 적용되는 최대 농도는 1.25%를 초과해서는 안 됩니다. 라벨 표시: 레조시놀 함유, 사용 후 모발을 충분히 헹굴 것, 눈에 들어간 경우 즉시 씻어낼 것, 속눈썹·눈썹 염색 금지 또는 전문가용 표시. 염모제는 심각한 알레르기 반응을 일으킬 수 있습니다. 사용 지침을 읽고 따르십시오. 16세 미만에게는 사용하지 마십시오. 일시적인 블랙 헤나 문신은 알레르기 위험을 증가시킬 수 있습니다. 얼굴 발진, 민감·자극·손상된 두피, 과거 염모제 또는 블랙 헤나 문신 반응이 있는 경우 모발을 염색하지 마십시오"
67-56-1,Methanol,10,9,"EU, 대만, 브라질, 아르헨티나, 아세안, 일본, 중국, 캐나다, 한국",0.0089367147557935,55948.971592257614,Very Safe,매우 안정,NOAEL_외부레퍼런스,500.0,외부 PoD 적용(v3),CIR Safety Assessment / AICIS human health assessment,https://www.cir-safety.org/sites/default/files/Methyl%20Alcohol.pdf,중간,규제/금지 또는 의약품성·CMR 가능성 우선 검토,해당 없음 또는 추가 확인,낮음,TCLo,"메틸알코올을 5 밀리리터 이상 함유한 화장품은 어린이 보호 포장 용기에 포장해야 하며, 해당 용기는 화장품 규정의 요건을 충족해야 합니다, 적용 및 사용 범위: 에탄올 및 이소프로필알코올의 변성제. 사용 준비 상태 제품 내 최대 농도: 에탄올 및 이소프로필알코올 대비 5%"
67-56-1,methanol,10,9,"EU, 대만, 브라질, 아르헨티나, 아세안, 일본, 중국, 캐나다, 한국",0.0033054858422972,151263.694311429,Very Safe,매우 안정,NOAEL_외부레퍼런스,500.0,외부 PoD 적용(v3),CIR Safety Assessment / AICIS human health assessment,https://www.cir-safety.org/sites/default/files/Methyl%20Alcohol.pdf,중간,규제/금지 또는 의약품성·CMR 가능성 우선 검토,해당 없음 또는 추가 확인,낮음,TCLo,"메틸알코올을 5 밀리리터 이상 함유한 화장품은 어린이 보호 포장 용기에 포장해야 하며, 해당 용기는 화장품 규정의 요건을 충족해야 합니다, 적용 및 사용 범위: 에탄올 및 이소프로필알코올의 변성제. 사용 준비 상태 제품 내 최대 농도: 에탄올 및 이소프로필알코올 대비 5%"
91-20-3,Naphthalene,8,8,"EU, 대만, 브라질, 아르헨티나, 아세안, 중국, 캐나다, 한국",0.0567090719619293,1252.0042656960543,Very Safe,매우 안정,NOAEL_외부레퍼런스,71.0,외부 PoD 적용,US EPA IRIS Naphthalene,https://iris.epa.gov/static/pdfs/0436_summary.pdf,높음,규제/금지 또는 의약품성·CMR 가능성 우선 검토,해당 없음 또는 추가 확인,낮음,기타,
108-95-2,phenol,8,8,"EU, 브라질, 아르헨티나, 아세안, 일본, 중국, 캐나다, 한국",0.0359459446743535,1669.1729913780357,Very Safe,매우 안정,NOAEL_외부레퍼런스,60.0,외부 PoD 적용,US EPA IRIS Toxicological Review of Phenol,https://iris.epa.gov/static/pdfs/0088tr.pdf,중간,규제/금지 또는 의약품성·CMR 가능성 우선 검토,피부자극/감작성/국소독성 별도 표시 권장,낮음,TDLo,모든 화장품: 100그램당 최대 배합량 0.10 g
108-95-2,Phenol,8,8,"EU, 브라질, 아르헨티나, 아세안, 일본, 중국, 캐나다, 한국",0.0315464142237533,1901.9594295069576,Very Safe,매우 안정,NOAEL_외부레퍼런스,60.0,외부 PoD 적용,US EPA IRIS Toxicological Review of Phenol,https://iris.epa.gov/static/pdfs/0088tr.pdf,중간,규제/금지 또는 의약품성·CMR 가능성 우선 검토,피부자극/감작성/국소독성 별도 표시 권장,낮음,TDLo,모든 화장품: 100그램당 최대 배합량 0.10 g
106-50-3,p-Phenylenediamine,12,8,"EU, 대만, 브라질, 아르헨티나, 아세안, 중국, 캐나다, 한국",0.0013674969292832,5850.104544068961,Very Safe,매우 안정,NOAEL_외부레퍼런스,8.0,외부 PoD 적용(전문가검토필요),CIR Amended Safety Assessment of p-Phenylenediamine,https://www.cir-safety.org/sites/default/files/p-Phenylenediamine_0.pdf,중간,"국가별 한도/사용조건 확인, 규제/금지 또는 의약품성·CMR 가능성 우선 검토",피부자극/감작성/국소독성 별도 표시 권장,낮음,LD50,"※ 염모, 탈색, 탈염 및 관련 모발 제품에 표시해야 하는 주의사항은 보건복지부 공고에 따라 표시해야 합니다. ※ 염모제의 한도 기준은 제품 사용설명서에 따라 혼합한 후의 최대 허용 사용량을 의미합니다. ※ 화장품의 외포장 또는 용기에는 본 표에 등재된 성분의 주의사항을 명확히 표시해야 하며, 표시가 어려운 경우 라벨·설명서 또는 기타 방법으로 표시해야 합니다. ※ 구강 제제에는 비의약 치약, 구강청결제 및 치아 미백류 화장품이 포함됩니다. ※ 효능을 표시·광고하는 경우 관련 허위·과대광고 및 의료 효능 인정 기준을 준수해야 합니다. 용도: 사용. 배합한도: 산화성 염모제에서 혼합 후 최대 2.0%(유리 염기로 환산), 제품 유형 및 사용 부위: 산화형 염모제의 염모 성분. 속눈썹 또는 눈썹 염색 용도로는 사용 금지(전문가용 속눈썹 착색 제품은 해당 국가 규정에 따름).: 산화 조건에서 혼합한 후 모발 또는 속눈썹에 적용되는 최대 농도는 유리 염기로 환산하여 2.0%를 초과해서는 안 됩니다. 라벨 표시: 혼합 비율, 페닐렌디아민류 함유, 적절한 장갑 착용, 속눈썹·눈썹 염색 금지 또는 전문가용 표시. 염모제는 심각한 알레르기 반응을 일으킬 수 있습니다. 사용 지침을 읽고 따르십시오. 16세 미만에게는 사용하지 마십시오. 일시적인 블랙 헤나 문신은 알레르기 위험을 증가시킬 수 있습니다. 얼굴 발진, 민감·자극·손상된 두피, 과거 염모제 또는 블랙 헤나 문신 반응이 있는 경우 모발을 염색하지 마십시오"
117-81-7,bis(2-ethylhexyl)phthalate,8,8,"EU, 대만, 브라질, 아르헨티나, 아세안, 중국, 캐나다, 한국",0.0005284563388028,9083.058802689808,Very Safe,매우 안정,NOAEL_외부레퍼런스,4.8,외부 PoD 적용(v3),ECHA RAC Opinion / OECD SIDS DEHP,https://echa.europa.eu/documents/10162/d058965f-fca3-23a2-c288-2683d17a4ad4,높음,규제/금지 또는 의약품성·CMR 가능성 우선 검토,해당 없음 또는 추가 확인,낮음,LD50,
137-58-6,Lidocaine,9,8,"EU, 대만, 브라질, 아르헨티나, 아세안, 중국, 캐나다, 한국",0.0184198169788336,13572.338980744356,Very Safe,매우 안정,NOAEL_외부레퍼런스_주의,250.0,외부 PoD 적용(v3),FDA nonclinical pharmacology review,https://www.accessdata.fda.gov/drugsatfda_docs/nda/2018/207962Orig1s000PharmR.pdf,낮음,규제/금지 또는 의약품성·CMR 가능성 우선 검토,해당 없음 또는 추가 확인,낮음,LD50,
65-85-0,Benzoic acid,8,8,"EU, 대만, 브라질, 아르헨티나, 아세안, 일본, 중국, 한국",0.0529258736954411,15115.48027725634,Very Safe,매우 안정,NOAEL_외부레퍼런스,800.0,외부 PoD 적용,OECD SIDS / CIR repeated-dose oral toxicity,https://hpvchemicals.oecd.org/ui/handler.axd?id=aa89d225-a2a7-4ed5-b8d6-c06b5e30b45b,높음,국가별 한도/사용조건 확인,해당 없음 또는 추가 확인,낮음,LD50,"※ 본 표에 등재되지 않은 방부제 성분이라도 유럽, 미국, 일본 정부가 사용을 허가하고 사용 기준을 공고한 경우, 해당 기준에 따라 사용할 수 있습니다. 국가별 관리 기준이 서로 다른 경우에는 가장 엄격하고 안전한 제한 기준을 적용합니다. ※ 본 표의 구강 제제에는 비의약 치약, 구강청결제 및 치아 미백류 화장품이 포함됩니다. 용도: 방부제. 배합한도: (a) 사용 후 즉시 씻어내는 제품(구강 제제 제외) 2.5%(산으로 환산), (b) 씻어내지 않는 제품 0.5%(산으로 환산), (c) 구강 제제 1.7%(산으로 환산), 모든 화장품: 100그램당 최대 배합량 0.2 g, 배합한도: 산으로 환산하여 0.5%. 단, 벤조익애씨드 및 그 소듐염은 사용 후 씻어내는 제품에서 산으로 환산하여 2.5%까지 허용, 사용제한성분: 씻어내는 제품은 총량 2.5%(산으로 환산)까지 허용. 사용제한 방부제: 총량 0.5%(산으로 환산)까지 허용, 완제품 내 최대 허용 농도: 구강 관리 제품을 제외한 씻어내는 제품 2.5%(산으로 환산), 구강 관리 제품 1.7%(산으로 환산), 씻어내지 않는 제품 0.5%(산으로 환산)"
94-13-3,Propylparaben,8,8,"EU, 대만, 브라질, 아르헨티나, 아세안, 일본, 중국, 한국",0.0626857429197952,15952.590707578824,Very Safe,매우 안정,NOAEL_외부레퍼런스,1000.0,외부 PoD 적용,SCCS Opinion on Propylparaben,https://health.ec.europa.eu/system/files/2022-08/sccs_o_243.pdf,높음,국가별 한도/사용조건 확인,해당 없음 또는 추가 확인,낮음,TDLo,"※ 본 표에 등재되지 않은 방부제 성분이라도 유럽, 미국, 일본 정부가 사용을 허가하고 사용 기준을 공고한 경우, 해당 기준에 따라 사용할 수 있습니다. 국가별 관리 기준이 서로 다른 경우에는 가장 엄격하고 안전한 제한 기준을 적용합니다. ※ 본 표의 구강 제제에는 비의약 치약, 구강청결제 및 치아 미백류 화장품이 포함됩니다. 용도: 방부제. 배합한도: 프로필파라벤·부틸파라벤 및 그 염은 각각 0.14%(산으로 환산)를 초과할 수 없으며, 관련 파라벤류 혼합 사용 시 총량은 0.8%(산으로 환산)를 초과할 수 없습니다. 3세 미만 어린이의 기저귀 부위에 사용하는 씻어내지 않는 제품에는 사용 금지. 주의사항: “3세 미만 어린이의 기저귀 부위에 사용 금지”(씻어내는 제품은 표시 면제 가능), 모든 화장품: 100그램당 최대 배합량 총량 1.0 g, 배합한도: 단일 성분으로 사용할 경우 0.4%(산으로 환산), 혼합 사용할 경우 총량 0.8%(산으로 환산), 사용 준비 상태 제품 내 최대 농도: 부틸파라벤·프로필파라벤 및 그 염은 개별 또는 합계 농도 기준 0.14%(산으로 환산)를 초과할 수 없습니다. 부속서 해당 항목의 다른 파라벤류와 혼합 사용하는 경우 총량은 0.8%(산으로 환산)를 초과할 수 없으며, 이때 부틸파라벤·프로필파라벤 및 그 염의 합계는 0.14%를 초과할 수 없습니다. 기타: 3세 미만 어린이의 기저귀 부위에 적용하도록 설계된 씻어내지 않는 제품에는 사용 금지. 라벨 표시: 3세 미만 어린이용 씻어내지 않는 제품에는 “기저귀 부위에 사용하지 말 것”을 표시합니다, 완제품 내 최대 허용 농도: 단일 에스터 0.4%(산으로 환산), 에스터 혼합물 0.8%(산으로 환산), 완제품 내 최대 허용 농도: 부틸파라벤·프로필파라벤 및 그 염의 개별 또는 합계 농도는 0.14%(산으로 환산)를 초과할 수 없음. 관련 파라벤류와 함께 사용할 경우 총량은 0.8%(산으로 환산)를 초과할 수 없으며, 부틸파라벤·프로필파라벤 및 그 염의 합은 0.14%(산으로 환산)를 초과할 수 없음. 3세 미만 어린이의 기저귀 부위에 사용하는 씻어내지 않는 제품에는 사용 금지. 해당 제품에는 “기저귀 부위에 사용하지 말 것”을 표시해야 함, 화장품 중 최대 사용 농도: 단일 에스터 0.4%(산으로 환산), 에스터 혼합물 0.8%(산으로 환산). 프로필파라벤 및 그 염, n-부틸파라벤 및 그 염의 합은 각각 0.14%(산으로 환산)를 초과할 수 없음"
94-13-3,propylparaben,8,8,"EU, 대만, 브라질, 아르헨티나, 아세안, 일본, 중국, 한국",0.0461332335029155,21676.34748465665,Very Safe,매우 안정,NOAEL_외부레퍼런스,1000.0,외부 PoD 적용,SCCS Opinion on Propylparaben,https://health.ec.europa.eu/system/files/2022-08/sccs_o_243.pdf,높음,국가별 한도/사용조건 확인,해당 없음 또는 추가 확인,낮음,TDLo,"※ 본 표에 등재되지 않은 방부제 성분이라도 유럽, 미국, 일본 정부가 사용을 허가하고 사용 기준을 공고한 경우, 해당 기준에 따라 사용할 수 있습니다. 국가별 관리 기준이 서로 다른 경우에는 가장 엄격하고 안전한 제한 기준을 적용합니다. ※ 본 표의 구강 제제에는 비의약 치약, 구강청결제 및 치아 미백류 화장품이 포함됩니다. 용도: 방부제. 배합한도: 프로필파라벤·부틸파라벤 및 그 염은 각각 0.14%(산으로 환산)를 초과할 수 없으며, 관련 파라벤류 혼합 사용 시 총량은 0.8%(산으로 환산)를 초과할 수 없습니다. 3세 미만 어린이의 기저귀 부위에 사용하는 씻어내지 않는 제품에는 사용 금지. 주의사항: “3세 미만 어린이의 기저귀 부위에 사용 금지”(씻어내는 제품은 표시 면제 가능), 모든 화장품: 100그램당 최대 배합량 총량 1.0 g, 배합한도: 단일 성분으로 사용할 경우 0.4%(산으로 환산), 혼합 사용할 경우 총량 0.8%(산으로 환산), 사용 준비 상태 제품 내 최대 농도: 부틸파라벤·프로필파라벤 및 그 염은 개별 또는 합계 농도 기준 0.14%(산으로 환산)를 초과할 수 없습니다. 부속서 해당 항목의 다른 파라벤류와 혼합 사용하는 경우 총량은 0.8%(산으로 환산)를 초과할 수 없으며, 이때 부틸파라벤·프로필파라벤 및 그 염의 합계는 0.14%를 초과할 수 없습니다. 기타: 3세 미만 어린이의 기저귀 부위에 적용하도록 설계된 씻어내지 않는 제품에는 사용 금지. 라벨 표시: 3세 미만 어린이용 씻어내지 않는 제품에는 “기저귀 부위에 사용하지 말 것”을 표시합니다, 완제품 내 최대 허용 농도: 단일 에스터 0.4%(산으로 환산), 에스터 혼합물 0.8%(산으로 환산), 완제품 내 최대 허용 농도: 부틸파라벤·프로필파라벤 및 그 염의 개별 또는 합계 농도는 0.14%(산으로 환산)를 초과할 수 없음. 관련 파라벤류와 함께 사용할 경우 총량은 0.8%(산으로 환산)를 초과할 수 없으며, 부틸파라벤·프로필파라벤 및 그 염의 합은 0.14%(산으로 환산)를 초과할 수 없음. 3세 미만 어린이의 기저귀 부위에 사용하는 씻어내지 않는 제품에는 사용 금지. 해당 제품에는 “기저귀 부위에 사용하지 말 것”을 표시해야 함, 화장품 중 최대 사용 농도: 단일 에스터 0.4%(산으로 환산), 에스터 혼합물 0.8%(산으로 환산). 프로필파라벤 및 그 염, n-부틸파라벤 및 그 염의 합은 각각 0.14%(산으로 환산)를 초과할 수 없음"
65-85-0,benzoic acid,8,8,"EU, 대만, 브라질, 아르헨티나, 아세안, 일본, 중국, 한국",0.0316324678792722,25290.47063457909,Very Safe,매우 안정,NOAEL_외부레퍼런스,800.0,외부 PoD 적용,OECD SIDS / CIR repeated-dose oral toxicity,https://hpvchemicals.oecd.org/ui/handler.axd?id=aa89d225-a2a7-4ed5-b8d6-c06b5e30b45b,높음,국가별 한도/사용조건 확인,해당 없음 또는 추가 확인,낮음,LD50,"※ 본 표에 등재되지 않은 방부제 성분이라도 유럽, 미국, 일본 정부가 사용을 허가하고 사용 기준을 공고한 경우, 해당 기준에 따라 사용할 수 있습니다. 국가별 관리 기준이 서로 다른 경우에는 가장 엄격하고 안전한 제한 기준을 적용합니다. ※ 본 표의 구강 제제에는 비의약 치약, 구강청결제 및 치아 미백류 화장품이 포함됩니다. 용도: 방부제. 배합한도: (a) 사용 후 즉시 씻어내는 제품(구강 제제 제외) 2.5%(산으로 환산), (b) 씻어내지 않는 제품 0.5%(산으로 환산), (c) 구강 제제 1.7%(산으로 환산), 모든 화장품: 100그램당 최대 배합량 0.2 g, 배합한도: 산으로 환산하여 0.5%. 단, 벤조익애씨드 및 그 소듐염은 사용 후 씻어내는 제품에서 산으로 환산하여 2.5%까지 허용, 사용제한성분: 씻어내는 제품은 총량 2.5%(산으로 환산)까지 허용. 사용제한 방부제: 총량 0.5%(산으로 환산)까지 허용, 완제품 내 최대 허용 농도: 구강 관리 제품을 제외한 씻어내는 제품 2.5%(산으로 환산), 구강 관리 제품 1.7%(산으로 환산), 씻어내지 않는 제품 0.5%(산으로 환산)"
99-76-3,Methylparaben,8,8,"EU, 대만, 브라질, 아르헨티나, 아세안, 일본, 중국, 한국",0.0374889673358024,26674.514425607784,Very Safe,매우 안정,NOAEL_외부레퍼런스,1000.0,외부 PoD 적용,SCCS Opinion on Methylparaben,https://health.ec.europa.eu/system/files/2023-12/sccs_o_276_final.pdf,높음,국가별 한도/사용조건 확인,해당 없음 또는 추가 확인,낮음,LD50,"※ 본 표에 등재되지 않은 방부제 성분이라도 유럽, 미국, 일본 정부가 사용을 허가하고 사용 기준을 공고한 경우, 해당 기준에 따라 사용할 수 있습니다. 국가별 관리 기준이 서로 다른 경우에는 가장 엄격하고 안전한 제한 기준을 적용합니다. ※ 본 표의 구강 제제에는 비의약 치약, 구강청결제 및 치아 미백류 화장품이 포함됩니다. 용도: 방부제. 배합한도: 단독 사용 시 0.4%(산으로 환산), 혼합 사용 시 총량 0.8%(산으로 환산), 모든 화장품: 100그램당 최대 배합량 총량 1.0 g, 배합한도: 단일 성분으로 사용할 경우 0.4%(산으로 환산), 혼합 사용할 경우 총량 0.8%(산으로 환산), 사용 준비 상태 제품 내 최대 농도: 단일 에스터 0.4%(산으로 환산), 에스터 혼합물 0.8%(산으로 환산), 완제품 내 최대 허용 농도: (a) 개별 물질 기준 0.4%(산으로 환산), (b) 4 - 하이드록시벤조산, 메틸·에틸 에스터 및 그 염의 개별 농도 합계 기준 0.8%(산으로 환산). 기타: 아이소프로필파라벤, 아이소부틸파라벤, 페닐파라벤, 벤질파라벤, 펜틸파라벤은 사용 금지, 화장품 중 최대 사용 농도: 단일 에스터 0.4%(산으로 환산), 에스터 혼합물 0.8%(산으로 환산). 프로필파라벤 및 그 염, n-부틸파라벤 및 그 염의 합은 각각 0.14%(산으로 환산)를 초과할 수 없음"
123-31-9,hydroquinone,12,7,"EU, 브라질, 아르헨티나, 아세안, 중국, 캐나다, 한국",0.0070357444355861,2131.970559381248,Very Safe,매우 안정,NOAEL_외부레퍼런스,15.0,외부 PoD 적용,SCCS Opinion on Hydroquinone,https://ec.europa.eu/health/scientific_committees/consumer_safety/docs/sccs_o_183.pdf,높음,규제/금지 또는 의약품성·CMR 가능성 우선 검토,해당 없음 또는 추가 확인,낮음,TDLo,"제품 유형 및 사용 부위: 인조 네일 시스템. 사용 준비 상태 제품 내 최대 농도: 혼합 후 0.02%. 기타: 전문가용에 한함. 경고 문구: 전문가용에 한함, 피부 접촉을 피할 것, 사용 방법을 주의 깊게 읽을 것, 제품 유형별 사용 조건: (a) 염모제의 산화형 착색 성분, (b) 네일 제품, (c) 속눈썹 및 눈썹 연장용 시아노아크릴레이트 접착 제품. 최대 허용 농도: (a) 0.3%, (b) 0.1% — 하이드로퀴논과 p - 하이드록시아니솔을 같은 제품에 사용하는 경우 두 성분의 총 농도는 0.1%를 초과할 수 없음, (c) 0.1%. 경고 문구: 피부 접촉을 피할 것, 속눈썹·눈썹 염색에 사용하지 말 것, 눈에 들어간 경우 즉시 씻어낼 것, 사용 전 지침을 주의 깊게 읽을 것"
100-51-6,Benzyl alcohol,7,7,"EU, 대만, 브라질, 아르헨티나, 아세안, 중국, 한국",0.0257850951130638,7756.418935940698,Very Safe,매우 안정,NOAEL_외부레퍼런스,200.0,외부 PoD 적용,"CIR/Safety Assessment, long-term study conservative lower species value",https://journals.sagepub.com/doi/pdf/10.1177/1091581817728996,중간,국가별 한도/사용조건 확인,해당 없음 또는 추가 확인,낮음,LCLo,"※ 본 표에 등재되지 않은 방부제 성분이라도 유럽, 미국, 일본 정부가 사용을 허가하고 사용 기준을 공고한 경우, 해당 기준에 따라 사용할 수 있습니다. 국가별 관리 기준이 서로 다른 경우에는 가장 엄격하고 안전한 제한 기준을 적용합니다. ※ 본 표의 구강 제제에는 비의약 치약, 구강청결제 및 치아 미백류 화장품이 포함됩니다. 용도: 방부제. 배합한도: 1.0%, 배합한도: 1.0%. 단, 염모용 제품류에 용제로 사용할 경우 10%까지 허용, 사용제한성분: 용제, 향수 및 향료 용도. 사용제한 방부제: 화장품 중 최대 사용 농도 1.0%, 완제품 내 최대 허용 농도: 1.0%, 적용 및 사용 범위: 용제, 향료/방향 조성물 및 그 원료. 방부제로 사용하는 경우 부속서 6 제1부 제34호를 참조, 해당 물질을 함유하면서 개정 제한사항을 충족하지 않는 화장품은 2023년 8월 15일 당시 적용되던 제한사항을 충족하는 경우 2026년 7월 31일까지 유럽연합 시장에 출시할 수 있고 2028년 7월 31일까지 판매할 수 있음. 제품 내 미생물 증식 억제 목적 이외의 용도로 사용하는 경우 그 목적을 제품 표시에서 명확히 해야 함. 성분 농도가 씻어내지 않는 제품에서 0.001%, 씻어내는 제품에서 0.01%를 초과하면 성분 목록에 표시해야 함. 방부제로 사용하는 경우 사용 준비 상태 제품에서 최대 1.0%까지 허용"
92-48-8,6-Methylcoumarin,8,6,"EU, 대만, 브라질, 아르헨티나, 아세안, 한국",0.0637621856705711,2352.491502957234,Very Safe,매우 안정,NOEL_외부레퍼런스,150.0,외부 PoD 적용(v3),EFSA FGE.80Rev1 / AICIS Coumarins assessment,https://efsa.onlinelibrary.wiley.com/doi/pdf/10.2903/j.efsa.2009.1169,중간,"국가별 한도/사용조건 확인, 규제/금지 또는 의약품성·CMR 가능성 우선 검토",해당 없음 또는 추가 확인,낮음,정보 없음,"※ 염모, 탈색, 탈염 및 관련 모발 제품에 표시해야 하는 주의사항은 보건복지부 공고에 따라 표시해야 합니다. ※ 염모제의 한도 기준은 제품 사용설명서에 따라 혼합한 후의 최대 허용 사용량을 의미합니다. ※ 화장품의 외포장 또는 용기에는 본 표에 등재된 성분의 주의사항을 명확히 표시해야 하며, 표시가 어려운 경우 라벨·설명서 또는 기타 방법으로 표시해야 합니다. ※ 구강 제제에는 비의약 치약, 구강청결제 및 치아 미백류 화장품이 포함됩니다. ※ 효능을 표시·광고하는 경우 관련 허위·과대광고 및 의료 효능 인정 기준을 준수해야 합니다. 용도: 사용. 배합한도: 구강 제제 0.003%, 적용 및 사용 범위: 구강 위생 제품. 완제품 내 최대 허용 농도: 0.003%, 해당 물질을 함유하면서 개정 을 충족하지 않는 화장품은, 2023년 8월 15일 당시 적용되던 사항을 충족하는 경우 2026년 7월 31일까지 유럽연합 시장에 출시할 수 있고 2028년 7월 31일까지 유럽연합 시장에서 판매할 수 있습니다. 제품 유형 및 사용 부위: 구강 제품. 사용 준비 상태 제품 내 최대 농도: 0.003%. 농도가 씻어내지 않는 제품에서 0.001%, 씻어내는 제품에서 0.01%를 초과하면 성분 목록에 표시해야 합니다"
108-88-3,Toluene,6,6,"EU, 대만, 브라질, 아르헨티나, 아세안, 한국",0.0678134846234361,3288.431515329209,Very Safe,매우 안정,NOAEL_외부레퍼런스,223.0,외부 PoD 적용,US EPA IRIS Toluene,https://iris.epa.gov/static/pdfs/0118_summary.pdf,높음,국가별 한도/사용조건 확인,해당 없음 또는 추가 확인,낮음,TDLo,"※ 염모, 탈색, 탈염 및 관련 모발 제품에 표시해야 하는 주의사항은 보건복지부 공고에 따라 표시해야 합니다. ※ 염모제의 한도 기준은 제품 사용설명서에 따라 혼합한 후의 최대 허용 사용량을 의미합니다. ※ 화장품의 외포장 또는 용기에는 본 표에 등재된 성분의 주의사항을 명확히 표시해야 하며, 표시가 어려운 경우 라벨·설명서 또는 기타 방법으로 표시해야 합니다. ※ 구강 제제에는 비의약 치약, 구강청결제 및 치아 미백류 화장품이 포함됩니다. ※ 효능을 표시·광고하는 경우 관련 허위·과대광고 및 의료 효능 인정 기준을 준수해야 합니다. 용도: 사용. 배합한도: 네일 제품 25%. 주의사항: 어린이의 접촉을 피할 것, 배합한도: 손발톱용 제품류는 25%까지 허용. 기타 제품에는 사용 금지, 적용 및 사용 범위: 네일 제품. 완제품 내 최대 허용 농도: 25%. 기타 제한 및 경고: 어린이의 손이 닿지 않는 곳에 보관할 것. 성인 전용"
610-81-1,4-Amino-3-nitrophenol,6,5,"EU, 대만, 아세안, 중국, 한국",0.0358050168194642,6982.261766850947,Very Safe,매우 안정,NOAEL_외부레퍼런스,250.0,외부 PoD 적용,SCCP Opinion on 4-Amino-3-nitrophenol,https://ec.europa.eu/health/ph_risk/committees/04_sccp/docs/sccp_o_094.pdf,높음,"국가별 한도/사용조건 확인, 규제/금지 또는 의약품성·CMR 가능성 우선 검토",피부자극/감작성/국소독성 별도 표시 권장,낮음,정보 없음,"※ 염모, 탈색, 탈염 및 관련 모발 제품에 표시해야 하는 주의사항은 보건복지부 공고에 따라 표시해야 합니다. ※ 염모제의 한도 기준은 제품 사용설명서에 따라 혼합한 후의 최대 허용 사용량을 의미합니다. ※ 화장품의 외포장 또는 용기에는 본 표에 등재된 성분의 주의사항을 명확히 표시해야 하며, 표시가 어려운 경우 라벨·설명서 또는 기타 방법으로 표시해야 합니다. ※ 구강 제제에는 비의약 치약, 구강청결제 및 치아 미백류 화장품이 포함됩니다. ※ 효능을 표시·광고하는 경우 관련 허위·과대광고 및 의료 효능 인정 기준을 준수해야 합니다. 용도: 사용. 배합한도: (a) 산화성 염모제 1.5%, (b) 비산화성 염모제 1.0%, 제품 유형 및 사용 부위: (a) 산화형 염모제의 염모 성분, (b) 비산화형 염모제의 염모 성분. 속눈썹 또는 눈썹 염색 용도로는 허용되지 않습니다.: 비산화형 염모제는 최대 1.0%. 산화 조건에서 혼합한 후 모발에 적용되는 최대 농도는 1.5%를 초과해서는 안 됩니다. 라벨 또는 전단지에 적절한 장갑 착용 지침과 혼합 비율을 표시해야 합니다. 염모제는 심각한 알레르기 반응을 일으킬 수 있습니다. 사용 지침을 읽고 따르십시오. 16세 미만에게는 사용하지 마십시오. 일시적인 블랙 헤나 문신은 알레르기 위험을 증가시킬 수 있습니다. 얼굴 발진, 민감·자극·손상된 두피, 과거 염모제 또는 블랙 헤나 문신 반응이 있는 경우 모발을 염색하지 마십시오"
112-34-5,Diethylene glycol monobutyl ether,4,4,"EU, 브라질, 아르헨티나, 아세안",0.0309424485993941,8079.515724068953,Very Safe,매우 안정,NOAEL_외부레퍼런스,250.0,외부 PoD 적용(v3),SCCP Opinion on Diethylene Glycol Monobutyl Ether,https://ec.europa.eu/health/ph_risk/committees/04_sccp/docs/sccp_o_081.pdf,높음,국가별 한도/사용조건 확인,해당 없음 또는 추가 확인,낮음,정보 없음,적용 및 사용 범위: 염모제의 용제. 완제품 내 최대 허용 농도: 9%. 에어로졸 및 스프레이형 제품에는 사용 금지
2871-01-4,HC Red No. 3; 2-(4-Amino-2-nitroanilino)-ethanol,4,4,"EU, 대만, 아세안, 중국",0.019137659804149,10450.598560469783,Very Safe,매우 안정,NOAEL_외부레퍼런스,200.0,외부 PoD 적용,AICIS/SCCS summary on HC Red 3,https://www.industrialchemicals.gov.au/sites/default/files/HC%20Red%203%20and%20HC%20Red%207_Human%20health%20tier%20II%20assessment.pdf,중간,국가별 한도/사용조건 확인,해당 없음 또는 추가 확인,낮음,정보 없음,"※ 염모, 탈색, 탈염 및 관련 모발 제품에 표시해야 하는 주의사항은 보건복지부 공고에 따라 표시해야 합니다. ※ 염모제의 한도 기준은 제품 사용설명서에 따라 혼합한 후의 최대 허용 사용량을 의미합니다. ※ 화장품의 외포장 또는 용기에는 본 표에 등재된 성분의 주의사항을 명확히 표시해야 하며, 표시가 어려운 경우 라벨·설명서 또는 기타 방법으로 표시해야 합니다. ※ 구강 제제에는 비의약 치약, 구강청결제 및 치아 미백류 화장품이 포함됩니다. ※ 효능을 표시·광고하는 경우 관련 허위·과대광고 및 의료 효능 인정 기준을 준수해야 합니다. 용도: 사용. 배합한도: (a) 산화성 염모제 0.45%, (b) 비산화성 염모제 3.0%. 니트로화제와 함께 사용하지 말 것. 니트로사민 한도 50 마이크로그램/킬로그램(십억분율). 아질산염이 없는 용기에 보관, 제품 유형 및 사용 부위: (a) 산화형 염모제의 염모 성분, (b) 비산화형 염모제의 염모 성분. 속눈썹 또는 눈썹 염색 용도로는 허용되지 않습니다.: 산화형 염모제는 혼합 후 모발 적용 농도 0.45% 이하, 비산화형 염모제는 최대 3.0%. 니트로화제와 함께 사용하지 말 것, 니트로사민 최대 함량은 50 마이크로그램/킬로그램, 아질산염이 없는 용기에 보관해야 합니다. 라벨 또는 전단지에 적절한 장갑 착용 지침과 혼합 비율을 표시해야 합니다. 염모제는 심각한 알레르기 반응을 일으킬 수 있습니다. 사용 지침을 읽고 따르십시오. 16세 미만에게는 사용하지 마십시오. 일시적인 블랙 헤나 문신은 알레르기 위험을 증가시킬 수 있습니다. 얼굴 발진, 민감·자극·손상된 두피, 과거 염모제 또는 블랙 헤나 문신 반응이 있는 경우 모발을 염색하지 마십시오"
533-73-3,"1,2,4-Benzenetriol",3,3,"EU, 아세안, 한국",0.0009254262192795,18013.321486588742,Very Safe,매우 안정,LOAEL_UF3_외부레퍼런스,16.67,외부 PoD 적용(v3),"CIR / SCCS 1,2,4-Trihydroxybenzene safety assessment",https://www.cir-safety.org/sites/default/files/FR_Trihydroxybenzene_062024.pdf,중간,규제/금지 또는 의약품성·CMR 가능성 우선 검토,해당 없음 또는 추가 확인,낮음,정보 없음,
57-13-6,urea,3,3,"대만, 캐나다, 한국",0.0016676325717182,1349218.0700702996,Very Safe,매우 안정,NOAEL_외부레퍼런스,2250.0,외부 PoD 적용,OECD SIDS Urea,https://hpvchemicals.oecd.org/UI/handler.axd?id=89564308-0887-4614-8a20-e542ce76221a,높음,국가별 한도/사용조건 확인,해당 없음 또는 추가 확인,낮음,LDLo,"※ 염모, 탈색, 탈염 및 관련 모발 제품에 표시해야 하는 주의사항은 보건복지부 공고에 따라 표시해야 합니다. ※ 염모제의 한도 기준은 제품 사용설명서에 따라 혼합한 후의 최대 허용 사용량을 의미합니다. ※ 화장품의 외포장 또는 용기에는 본 표에 등재된 성분의 주의사항을 명확히 표시해야 하며, 표시가 어려운 경우 라벨·설명서 또는 기타 방법으로 표시해야 합니다. ※ 구강 제제에는 비의약 치약, 구강청결제 및 치아 미백류 화장품이 포함됩니다. ※ 효능을 표시·광고하는 경우 관련 허위·과대광고 및 의료 효능 인정 기준을 준수해야 합니다. 용도: 사용. 배합한도: (a) 염모제 10%, (b) 기타 제품 5%, 배합한도: 10%, 제품 유형별 사용 조건: 목욕물에 희석하여 사용하는 화장품 및 기타 화장품. 기타 화장품의 최대 허용 농도: 10%"
57-13-6,Urea,3,3,"대만, 캐나다, 한국",0.000936439696187,2402717.4511733768,Very Safe,매우 안정,NOAEL_외부레퍼런스,2250.0,외부 PoD 적용,OECD SIDS Urea,https://hpvchemicals.oecd.org/UI/handler.axd?id=89564308-0887-4614-8a20-e542ce76221a,높음,국가별 한도/사용조건 확인,해당 없음 또는 추가 확인,낮음,LDLo,"※ 염모, 탈색, 탈염 및 관련 모발 제품에 표시해야 하는 주의사항은 보건복지부 공고에 따라 표시해야 합니다. ※ 염모제의 한도 기준은 제품 사용설명서에 따라 혼합한 후의 최대 허용 사용량을 의미합니다. ※ 화장품의 외포장 또는 용기에는 본 표에 등재된 성분의 주의사항을 명확히 표시해야 하며, 표시가 어려운 경우 라벨·설명서 또는 기타 방법으로 표시해야 합니다. ※ 구강 제제에는 비의약 치약, 구강청결제 및 치아 미백류 화장품이 포함됩니다. ※ 효능을 표시·광고하는 경우 관련 허위·과대광고 및 의료 효능 인정 기준을 준수해야 합니다. 용도: 사용. 배합한도: (a) 염모제 10%, (b) 기타 제품 5%, 배합한도: 10%, 제품 유형별 사용 조건: 목욕물에 희석하여 사용하는 화장품 및 기타 화장품. 기타 화장품의 최대 허용 농도: 10%"
60-12-8,2-phenylethanol,2,2,"브라질, 아르헨티나",0.0593528326322538,6486.632278958518,Very Safe,매우 안정,NOAEL_외부레퍼런스,385.0,외부 PoD 적용(v3),RIFM Fragrance Ingredient Safety Assessment,https://fragrancematerialsafetyresource.elsevier.com/sites/default/files/60-12-8.pdf,높음,국가별 한도/사용조건 확인,해당 없음 또는 추가 확인,낮음,LD50,완제품 내 최대 허용 농도: 0.5%
60-12-8,2-Phenylethanol,2,2,"브라질, 아르헨티나",0.031098700386914,12379.938557239642,Very Safe,매우 안정,NOAEL_외부레퍼런스,385.0,외부 PoD 적용(v3),RIFM Fragrance Ingredient Safety Assessment,https://fragrancematerialsafetyresource.elsevier.com/sites/default/files/60-12-8.pdf,높음,국가별 한도/사용조건 확인,해당 없음 또는 추가 확인,낮음,LD50,완제품 내 최대 허용 농도: 0.5%
97-53-0,Eugenol,2,1,EU,0.0575880264344306,5209.416237619782,Very Safe,매우 안정,NOAEL_외부레퍼런스,300.0,외부 PoD 적용,RIFM / Health Canada Eugenol assessment,https://fragrancematerialsafetyresource.elsevier.com/sites/default/files/97-53-0_0.pdf,중간,국가별 한도/사용조건 확인,피부자극/감작성/국소독성 별도 표시 권장,낮음,TDLo,"성분 농도가 씻어내지 않는 제품에서 0.001%, 씻어내는 제품에서 0.01%를 초과하는 경우, 유럽연합 화장품 규정 제19조(1)(g)에 따른 성분 목록에 해당 성분을 표시해야 함"
106-24-1,Geraniol,1,1,EU,0.0663055110531722,8294.936442898992,Very Safe,매우 안정,NOAEL_외부레퍼런스,550.0,외부 PoD 적용,AICIS Human health tier II assessment / REACH,https://www.industrialchemicals.gov.au/sites/default/files/Geraniol%20and%20related%20compounds_Human%20health%20tier%20II%20assessment.pdf,중간,국가별 한도/사용조건 확인,해당 없음 또는 추가 확인,낮음,LD50,"성분 농도가 씻어내지 않는 제품에서 0.001%, 씻어내는 제품에서 0.01%를 초과하는 경우, 유럽연합 화장품 규정 제19조(1)(g)에 따른 성분 목록에 해당 성분을 표시해야 함"
58-08-2,Caffeine,1,1,일본,0.0010011104174201,150832.51295010277,Very Safe,매우 안정,NOAEL_외부레퍼런스,151.0,외부 PoD 적용,CIR Safety Assessment of Methylxanthines,https://www.cir-safety.org/sites/default/files/xanalk092018rep.pdf,중간,국가별 한도/사용조건 확인,해당 없음 또는 추가 확인,낮음,LD50,점막에 사용하지 않고 씻어내는 화장품: 100그램당 최대 배합량 2.0 g. 점막에 사용하지 않고 씻어내지 않는 화장품: 100그램당 최대 배합량 2.0 g. 점막에 사용하는 화장품에는 배합량 제한 없음 또는 별도 기준 적용
56-81-5,Glycerol,1,1,캐나다,0.0055372487251644,236579.5840173509,Very Safe,매우 안정,NOAEL_외부레퍼런스,1310.0,외부 PoD 적용(v3),CIR Safety Assessment of Glycerin,https://www.cir-safety.org/sites/default/files/glycer_122014_FR.pdf,높음,국가별 한도/사용조건 확인,해당 없음 또는 추가 확인,낮음,TDLo,제품 유형별 사용 조건: 글리세린을 함유한 구강 제품 및 씻어내지 않는 제품의 제조자는 사용 원료가 디에틸렌글리콜(디에틸렌글리콜) 불순물에 대해 인정된 약전 규격(예: 최신 미국약전 글리세린 공정서)을 충족함을 확인해야 함
58-08-2,caffeine,1,1,일본,0.0004498695200585,335652.8799291944,Very Safe,매우 안정,NOAEL_외부레퍼런스,151.0,외부 PoD 적용,CIR Safety Assessment of Methylxanthines,https://www.cir-safety.org/sites/default/files/xanalk092018rep.pdf,중간,국가별 한도/사용조건 확인,해당 없음 또는 추가 확인,낮음,LD50,점막에 사용하지 않고 씻어내는 화장품: 100그램당 최대 배합량 2.0 g. 점막에 사용하지 않고 씻어내지 않는 화장품: 100그램당 최대 배합량 2.0 g. 점막에 사용하는 화장품에는 배합량 제한 없음 또는 별도 기준 적용
100-02-7,p-Nitrophenol; 4-nitrophenol,1,0,,0.0248287580288528,1006.8969205365892,Very Safe,매우 안정,NOAEL_외부레퍼런스,25.0,외부 PoD 적용,US EPA ChemView / AICIS 4-Nitrophenol assessment,https://chemview.epa.gov/chemview/proxy?filename=HC100027.pdf,중간,규제정보 확인 필요,피부자극/감작성/국소독성 별도 표시 권장,낮음,LD50,
95-48-7,o-Cresol,1,0,,0.0457027650191967,1094.0257111139406,Very Safe,매우 안정,NOAEL_외부레퍼런스,50.0,외부 PoD 적용(v4),ATSDR Toxicological Profile for Cresols / EPA IRIS,https://www.ncbi.nlm.nih.gov/books/n/tpcresols/ch8/,높음,규제정보 확인 필요,피부자극/감작성/국소독성 별도 표시 권장,낮음,LDLo,
108-39-4,m-Cresol,1,0,,0.0456871238327497,1094.4002555958386,Very Safe,매우 안정,NOAEL_외부레퍼런스,50.0,외부 PoD 적용(v4),RIFM m-Cresol safety assessment / ATSDR Cresols,https://fragrancematerialsafetyresource.elsevier.com/sites/default/files/108-39-4.pdf,높음,규제정보 확인 필요,피부자극/감작성/국소독성 별도 표시 권장,낮음,정보 없음,
71-36-3,Butanol,1,0,,0.027387219185256,1497.0486679448086,Very Safe,매우 안정,NOAEL_외부레퍼런스,41.0,외부 PoD 적용(v4),RIFM update to butyl alcohol safety assessment,https://fragrancematerialsafetyresource.elsevier.com/sites/default/files/71-36-3-Upd.pdf,중간,규제정보 확인 필요,해당 없음 또는 추가 확인,낮음,LD50,
88-04-0,chloroxylenol,1,0,,0.0634145591521356,1576.9249417959932,Very Safe,매우 안정,NOAEL_외부레퍼런스,100.0,외부 PoD 적용,CIR Safety Assessment of Chloroxylenol,https://www.cir-safety.org/sites/default/files/RR_Chloroxylenol.pdf,중간,규제정보 확인 필요,해당 없음 또는 추가 확인,낮음,LD50,
88-04-0,Chloroxylenol,1,0,,0.0602030642302046,1661.0450195295675,Very Safe,매우 안정,NOAEL_외부레퍼런스,100.0,외부 PoD 적용,CIR Safety Assessment of Chloroxylenol,https://www.cir-safety.org/sites/default/files/RR_Chloroxylenol.pdf,중간,규제정보 확인 필요,해당 없음 또는 추가 확인,낮음,LD50,
14371-10-9,trans-Cinnamaldehyde,1,0,,0.0565035981839637,1769.7987953691245,Very Safe,매우 안정,NOAEL_외부레퍼런스,100.0,외부 PoD 적용,"RIFM fragrance ingredient safety assessment, cinnamaldehyde",https://fragrancematerialsafetyresource.elsevier.com/sites/default/files/104-55-2.pdf,중간,규제정보 확인 필요,해당 없음 또는 추가 확인,낮음,정보 없음,
71-36-3,n-butanol,1,0,,0.0151629997668271,2703.9504471732484,Very Safe,매우 안정,NOAEL_외부레퍼런스,41.0,외부 PoD 적용(v4),RIFM update to butyl alcohol safety assessment,https://fragrancematerialsafetyresource.elsevier.com/sites/default/files/71-36-3-Upd.pdf,중간,규제정보 확인 필요,해당 없음 또는 추가 확인,낮음,LD50,
98-86-2,Acetophenone,1,0,,0.0548206594290077,4560.3245674880645,Very Safe,매우 안정,NOAEL_외부레퍼런스,250.0,외부 PoD 적용,RIFM/ECHA acetophenone read-across used in fragrance assessment,https://fragrancematerialsafetyresource.elsevier.com/sites/default/files/122-00-9.pdf,중간,규제정보 확인 필요,해당 없음 또는 추가 확인,낮음,TDLo,
84-66-2,Diethyl phthalate,1,0,,0.0476049536664658,33609.94763717379,Very Safe,매우 안정,NOAEL_외부레퍼런스,1600.0,외부 PoD 적용(v4),US EPA Inert Reassessment / Diethyl Phthalate,https://www.epa.gov/sites/default/files/2015-04/documents/diethylphathalate.pdf,높음,규제정보 확인 필요,해당 없음 또는 추가 확인,낮음,LDLo,
